te_ridge,te_elastic_net,te_kernel_ridge,te_svr,te_xgboost,te_lightgbm,te_catboost,te_simple_blend,te_weighted_blend,te_conservative_blend
12.231627199077979,12.243255556706087,12.231866225388018,12.251545097899282,12.237442970275879,12.238003318430716,12.212570790784373,12.23528832294872,12.242695387070155,12.238991855009438
12.185696328026923,12.189145452838927,12.168758656800655,12.127998467506242,12.11111068725586,12.1095283580667,12.110345005211633,12.144859188167917,12.140783316580457,12.142821252374187
12.2757073403093,12.288260776586442,12.291380415113665,12.286532093573896,12.280831336975098,12.283679651763006,12.292334097912882,12.284733129071524,12.285766818220857,12.285249973646192
12.1050569599703,12.104735617550118,12.131999214897144,12.13733185478328,12.039582252502441,12.035991408977576,12.126580563243145,12.102657449609858,12.098766524198858,12.100711986904358
12.618341551665637,12.610789967376581,12.62212813902136,12.566992460949688,12.627901077270508,12.625421187658668,12.629884011980788,12.610781813848641,12.601478955107222,12.60613038447793
12.007002062453173,12.01160105350189,12.014499183204059,12.085272680196516,11.993810653686523,12.001404113954138,11.967677375931633,12.013072765153947,12.029719355834505,12.021396060494226
12.515525489511996,12.508932117983267,12.524040091129496,12.532308969760937,12.560245513916016,12.580927559781095,12.573824381968063,12.538167294628057,12.53560833563295,12.536887815130505
12.375003542678598,12.34996054846304,12.340888146775423,12.328305367129305,12.324731826782227,12.300096847182196,12.365023403551668,12.34860493772097,12.33603896478266,12.342321951251815
11.775960438227449,11.778628926594694,11.788225794490058,11.769578393972054,11.858540534973145,11.88339900397099,11.82410580592616,11.8013628199387,11.80100780338481,11.801185311661756
11.757993213721406,11.751303609076778,11.693332650615961,11.663689789877319,11.777568817138672,11.786094095630206,11.786195100111671,11.74735010598517,11.730203394157124,11.738776750071148
11.788161339016554,11.796441249196182,11.771664916358121,11.795884052339767,11.78126049041748,11.779589955040143,11.782551763405618,11.788859778875121,11.791085686484454,11.789972732679788
12.908568648450057,12.879152158362661,12.90197195202742,12.862547268247598,12.836389541625977,12.860058171361072,12.922322533789481,12.881796030095156,12.863623325812277,12.872709677953718
11.777919344832151,11.780171528486006,11.777887900975061,11.807855174280142,11.802367210388184,11.785042728979636,11.79493845029023,11.792650341655342,11.797081506162488,11.794865923908915
12.341765151880807,12.344958493059902,12.307685683548057,12.299468535312789,12.204992294311523,12.211306231042764,12.2463678174044,12.287510458393886,12.283182823134467,12.285346640764176
11.94763478197469,11.946224072412578,11.966276348123454,11.968588266512732,11.937440872192383,11.918443092759421,11.940469654173029,11.948071529453085,11.951199406677372,11.949635468065228
11.811581371866357,11.764102207309989,11.766231545842803,11.767851868828494,11.844514846801758,11.821995985744767,11.793998552559557,11.796409769473232,11.790192161019487,11.79330096524636
11.933315762680078,11.928610588674081,11.924629473767691,11.940048606973848,11.947664260864258,11.932974733487473,11.935538824034685,11.937035608645392,11.93847579269547,11.937755700670431
11.604703856579013,11.586153137850959,11.598385674921461,11.58580215309566,11.57595443725586,11.572805408853448,11.569147453955688,11.584352207747436,11.582113897592244,11.58323305266984
11.940482229561452,11.925178142346038,11.951703149760437,11.952251045102512,11.898036003112793,11.92937737549846,11.924133208131263,11.928016125650814,11.926820124753974,11.927418125202394
11.746278809249795,11.762868610278247,11.728634038729474,11.795578607707874,11.70141887664795,11.690271263362158,11.706764954665339,11.742581971709841,11.753434879704372,11.748008425707106
12.722377520324335,12.707801938458621,12.696494836459461,12.71506572631381,12.672279357910156,12.649407255561806,12.67343523535376,12.698191955672137,12.69815946423839,12.698175709955265
11.689171762955832,11.711016464510296,11.693790746892835,11.70306616438659,11.748922348022461,11.701036709332694,11.752424547768713,11.720920257528778,11.721513508821694,11.721216883175236
12.35456555516529,12.34298562846198,12.33278885409432,12.326160763473998,12.365983009338379,12.343806351293287,12.380867355837228,12.354112462455376,12.345900904218688,12.350006683337032
11.83355283087981,11.831972911555077,11.840509508094861,11.812142547725037,11.883502960205078,11.871295686058492,11.852857386470925,11.842805727367185,11.841011353707032,11.841908540537109
11.959114994807184,11.947011250222298,11.974215638347559,11.98265315362571,11.897017478942871,11.884568445767494,11.906998476778142,11.938559070875241,11.942826533035102,11.940692801955175
12.47102140089774,12.449068988597178,12.421248141983082,12.433708822348258,12.392791748046875,12.412857786141231,12.397475327508959,12.428813257479803,12.424556004732558,12.42668463110618
11.792489945189123,11.780880372588934,11.80653140746678,11.80033398322509,11.851778984069824,11.840415290690146,11.868438504156185,11.818784357845832,11.813119229622078,11.815951793733957
12.601099058343946,12.598178012883592,12.571272807027574,12.5820487421151,12.6117525100708,12.5963216725388,12.619467562566916,12.60250917719607,12.59766672825649,12.60008795272628
12.207898362154834,12.192870716742961,12.160304979144877,12.141938425918118,12.131369590759277,12.112704556105628,12.115073209712323,12.157830061057503,12.152876981205551,12.155353521131529
11.107203770704979,11.107988291460298,11.14699644727509,11.146688897109064,11.097673416137695,11.059116844734136,11.1007220006346,11.112055275209329,11.118154222183293,11.11510474869631
11.447610344083902,11.380774760819397,11.460762741853213,11.559319291921573,11.337005615234375,11.423726075370453,11.35560008861562,11.416062020134975,11.429257412143873,11.422659716139425
11.859351879938961,11.828568297820786,11.84055753396989,11.852701045849857,11.795853614807129,11.789739010242798,11.797080845621453,11.826711136807639,11.825802641985174,11.826256889396406
12.171358503357744,12.163463564183278,12.169025924542133,12.152763243492366,12.179040908813477,12.16714483545077,12.139072304510625,12.161139704871498,12.162750671711517,12.161945188291508
12.066351523148588,12.099832248869669,12.036268266148497,12.082080272058139,12.0084810256958,12.004970855825647,12.028989918236379,12.057146997601716,12.063311169084237,12.060229083342978
12.53974109670557,12.532350599661433,12.510581912085781,12.51732440792243,12.556025505065918,12.558308336376825,12.600088127048068,12.549105947280685,12.537837912040647,12.543471929660667
12.670551130044556,12.647377512532993,12.652655119615872,12.665689484628215,12.625380516052246,12.603939998510864,12.583216394321266,12.638443007515857,12.64373015427827,12.641086580897063
11.90900689911353,11.89443926198276,11.909001506817502,11.927182753812563,11.89317512512207,11.90476187164056,11.88114050338103,11.90098890868239,11.90475865597071,11.902873782326552
11.948515082086093,11.95064825369471,11.940365112474762,11.940705892540327,11.931507110595703,11.919837768117766,11.93130438465857,11.940536144715082,11.94055436756878,11.940545256141931
11.75909253663474,11.757122907533505,11.77081451652441,11.761183760063943,11.814613342285156,11.817783623979244,11.816641942275169,11.781730897758504,11.778492682871839,11.780111790315171
11.269126312105186,11.263033789469345,11.265403220874859,11.316844920472564,11.25510025024414,11.273024518500922,11.2198297637977,11.264787007217787,11.277065643886145,11.270926325551967
11.810225933682954,11.836017948134558,11.822427663953691,11.857272761842044,11.868372917175293,11.85729858609557,11.89016767058332,11.852411446283634,11.855893446411748,11.854152446347692
12.059197402597928,12.072144553915015,12.08171061445276,12.014056592714368,12.150911331176758,12.133660386033362,12.122219029864167,12.083705782053649,12.077301755980614,12.080503769017131
11.9502909628246,11.940799122061414,11.934702843225491,11.932943997697155,11.846388816833496,11.859057667238847,11.875763331334552,11.909237246150244,11.907206008079452,11.908221627114848
11.809871533520896,11.800930978031516,11.825050780243252,11.818165706261647,11.820788383483887,11.824910173214073,11.84499685900545,11.818950692060678,11.815230129212118,11.8170904106364
11.928587020921817,11.909788039316682,11.89500833270447,11.923099269036971,11.902435302734375,11.892554723701894,11.881867277824488,11.909155381966867,11.910706300390345,11.909930841178607
12.546503272380901,12.548742805963215,12.504514297456556,12.521997709434121,12.551604270935059,12.571224243911836,12.60185065588166,12.554139742918991,12.543311651969248,12.548725697444121
12.453358019958337,12.433855666453248,12.451059879383488,12.472882560771524,12.485101699829102,12.45017337385943,12.455654252432915,12.460170439889026,12.46346635360814,12.461818396748583
12.435129147707102,12.443907776482758,12.434148659223778,12.450410215623249,12.420199394226074,12.433756213563267,12.421140471509245,12.434157401109687,12.438061218730669,12.436109309920178
11.37142772393563,11.365204347263274,11.48955989835868,11.59254579770639,11.596817016601562,11.577557020173982,11.564187110811545,11.498036399263682,11.52275103763589,11.510393718449787
11.791385049467085,11.792724402944913,11.78124120809046,11.795268242442274,11.77405834197998,11.771305643003389,11.790775485518372,11.788842304470526,11.788155455080632,11.78849887977558
12.089594079442,12.102550608709755,12.097834961115204,12.089774163161705,12.081233978271484,12.067362932146317,12.072098868779863,12.087050339672963,12.090191301474704,12.088620820573833
11.730825175509558,11.729397707937958,11.674348937564561,11.666659311724949,11.690625190734863,11.700148299717771,11.684825267597802,11.700466530701027,11.693726134718474,11.697096332709751
11.43231458876327,11.535145916130945,11.463434602879548,11.491673163100415,11.52414321899414,11.545809719360404,11.604484962772663,11.517552369952288,11.520840554909405,11.519196462430848
12.736706967902368,12.747603971250939,12.747646011036489,12.864080695419208,12.773231506347656,12.750317284588347,12.769820757884412,12.778288779760917,12.797010557951399,12.78764966885616
11.748574101982527,11.7386683132658,11.75907285753684,11.775018833934894,11.710658073425293,11.74374611025446,11.719719888193916,11.738527842160487,11.742260368077064,11.740394105118776
11.99321047234294,11.97853095808789,11.991419378782773,11.968743726373148,11.971212387084961,11.978570028582935,11.986407920592834,11.979621092896354,11.973471013648666,11.97654605327251
12.194209705872742,12.185200402231786,12.202467922032131,12.197175846659189,12.211292266845703,12.23173274541404,12.233911275682145,12.204357899458314,12.199716115419342,12.202037007438829
12.181930069261952,12.188897379622732,12.190130171649972,12.195088644265992,12.166997909545898,12.160983527522896,12.167114008205692,12.180005602180454,12.1835175286821,12.181761565431277
13.038215750810945,13.071329490960569,13.056199712830807,13.032243830418384,13.038067817687988,13.013272744272557,13.044910584293927,13.044953494834363,13.046577594073566,13.045765544453968
11.73113326324297,11.719097282841068,11.724193203807026,11.706604296380139,11.707378387451172,11.736923735394003,11.746049079699578,11.722052461922985,11.712947367535264,11.717499914729126
12.057849850511118,12.06054648706194,12.066616195262982,12.04421211373336,12.045827865600586,12.045105957472579,12.025692503072483,12.046825763995898,12.048573475389514,12.047699619692708
11.45284450167903,11.498629287400368,11.481876916477722,11.504977797555192,11.543254852294922,11.549012729339557,11.559703012903661,11.511881890366634,11.517206848787087,11.51454436957686
12.290091283094787,12.274567795156784,12.284097024178227,12.247738664698181,12.2791109085083,12.284913683029128,12.280883371353802,12.274478404562371,12.266848419112018,12.270663411837196
11.855739209838017,11.880735086808956,11.850809464485652,11.850287104546691,11.836259841918945,11.859635681202633,11.878819878592434,11.86036822434101,11.857230338772164,11.858799281556585
12.321834236571558,12.347380171728515,12.331534735975847,12.376166681464737,12.378546714782715,12.386583494426029,12.384392343530886,12.361664029615682,12.368547799215229,12.365105914415455
12.60082163992496,12.595049627726913,12.599427821800951,12.58766562517703,12.640253067016602,12.638094439104199,12.607185836699491,12.606195159309,12.606120291374806,12.606157725341903
12.349222243917165,12.3599903685145,12.360656544911505,12.358552249395574,12.466361999511719,12.487382703735877,12.447947876295672,12.396414947526926,12.395098451639363,12.395756699583146
12.29454643245091,12.29192305462177,12.292574174583034,12.286919180677966,12.278639793395996,12.274024182115875,12.275833058778778,12.285572303985084,12.28542564479535,12.285498974390219
11.270659061164222,11.264100262432821,11.294970115133443,11.265335209765453,11.247833251953125,11.263830724938344,11.272288590014188,11.264043275065962,11.260353868592965,11.262198571829465
12.38454222138766,12.347524292968961,12.310058426048604,12.336899328403266,12.418214797973633,12.427348633260012,12.378177780507189,12.373071684248142,12.365843469290196,12.369457576769168
12.473365231661496,12.488098905515617,12.469356353761093,12.452909001797181,12.555221557617188,12.575354749999573,12.55167389181291,12.50425371768088,12.498726702019049,12.501490209849965
11.661560128945018,11.659243982766078,11.707021964190428,11.731556055232868,11.714847564697266,11.729745298697132,11.685460769778603,11.690533700283968,11.702011045488002,11.696272372885986
12.171124181146649,12.180429234061219,12.18132908446372,12.184122599035481,12.177690505981445,12.175855118113459,12.192704289559153,12.181214161956792,12.181656539578647,12.181435350767718
11.875804564633295,11.86014800812599,11.890992387548621,11.927524748249393,11.877278327941895,11.876959161044704,11.889667491121516,11.886084628014418,11.890364042648589,11.888224335331504
11.467562532190286,11.506876952012268,11.512883655119442,11.520552997369517,11.476567268371582,11.513230459392778,11.512051531176759,11.496722256224082,11.503287228385215,11.50000474230465
11.401514556975142,11.421553298081866,11.418399346877981,11.432922398288056,11.571849822998047,11.491414819412983,11.467878677004343,11.45914375066949,11.471283941514699,11.465213846092096
11.71050361364116,11.695121564783328,11.708190191908546,11.697695918750268,11.684490203857422,11.66872341648446,11.663207883233557,11.690203836853147,11.691109219799081,11.690656528326116
11.703298331818191,11.687858866992784,11.697267623698135,11.699232258242851,11.71005630493164,11.717323601832746,11.704354098420742,11.700959972081243,11.699161975858456,11.70006097396985
11.70901921673071,11.730981700755692,11.82935324974595,11.857154820069717,11.720782279968262,11.718519062910195,11.682527784597779,11.740093160424433,11.769383943647458,11.754738552035946
11.696149457314945,11.68538459012872,11.69000609393692,11.705545297060068,11.628744125366211,11.628023094053221,11.596568604702973,11.662478414914585,11.671019996820196,11.666749205867392
12.197435771328147,12.194835365580913,12.189551450789383,12.19704445839259,12.153178215026855,12.174910849967306,12.153097826571535,12.179118327380008,12.181235403300828,12.180176865340421
12.020622421214615,12.0141615963838,12.016393105327136,12.034803550814495,12.047500610351562,12.044919428679437,12.05077084006037,12.03357180376497,12.033077134203737,12.033324468984354
12.389566662875339,12.391732257192348,12.367730014328007,12.365593883084683,12.41246223449707,12.406557086720653,12.430204787455006,12.39791196502089,12.390773118223489,12.39434254162219
11.704083123038794,11.704095424160332,11.708121719349588,11.732771301232555,11.696170806884766,11.723858039360925,11.680827666106799,11.70358966428465,11.710500050233348,11.707044857259
12.001043969833647,12.011046873588686,11.999747554369527,12.004162110161435,12.020489692687988,12.028123933208986,12.006604023609267,12.008669333976206,12.011081029490635,12.00987518173342
12.496875485361363,12.494184336767095,12.487962869514265,12.48098475730701,12.516813278198242,12.541602955633275,12.532861227314713,12.504343816989685,12.498309525556937,12.501326671273311
12.11221118823151,12.10778914984464,12.114625334418989,12.115031166674681,12.095362663269043,12.105576264619792,12.09785655984107,12.10565014557219,12.10618374989799,12.10591694773509
12.059481277455461,12.04932915778898,12.007904734358483,12.055348021556695,12.022843360900879,12.025636365744917,12.010502408255586,12.039500845191522,12.04157750510883,12.040539175150176
10.971864559021537,10.85716398856832,10.772974155781824,10.86379646266363,10.831624984741211,11.036072856493238,10.952072171509386,10.895304433300819,10.857730327065235,10.876517380183028
11.745750006060572,11.746045399752667,11.821174816039488,11.792313361806151,11.743611335754395,11.749016670065645,11.762804954913502,11.75810501165746,11.76252368895467,11.760314350306064
11.57065966657294,11.543473113969089,11.540966638317673,11.619151723122839,11.56763744354248,11.567083004841301,11.534630162590064,11.567110421959482,11.576362366377076,11.57173639416828
11.623490434901772,11.634567930675415,11.615704109892036,11.685501809142908,11.69191837310791,11.704177290731694,11.663004631455568,11.659696635856715,11.670482858906487,11.665089747381602
11.834144084284759,11.836392624630205,11.807226676420782,11.862585204550264,11.82384204864502,11.813542382560813,11.849859238580747,11.841364640138199,11.842754748392219,11.84205969426521
11.992355822182095,11.8043180649048,12.033394071961723,11.999128606723382,11.942795753479004,12.113749774169175,11.905266819458706,11.928773013349598,11.918067793654384,11.923420403501993
12.220674024609915,12.215635946043928,12.208464741066862,12.238207009532642,12.201231002807617,12.204136898213074,12.169645172715448,12.20907863114191,12.216717441715057,12.212898036428484
12.160316306558745,12.142097685045973,12.161446594153219,12.162637912302527,12.075931549072266,12.073634171216884,12.103060770703816,12.128808844736666,12.128053464338281,12.128431154537473
12.284656793274861,12.2823019527111,12.281628946142533,12.291763373190053,12.26042366027832,12.270381049278884,12.28901950673269,12.281633057237405,12.279741860444854,12.28068745884113
11.691592782970673,11.66412704302365,11.672574293040114,11.689579464474068,11.713324546813965,11.743177145077652,11.680999226086142,11.6879246126737,11.68811154232659,11.688018077500146
11.195592815425039,11.250327380629493,11.239769169616338,11.299029282838418,11.20748233795166,11.186250705703598,11.276397770719818,11.245765917512887,11.2566308716757,11.251198394594294
11.708578665238727,11.701229012724122,11.705128337260042,11.677667581178515,11.74425220489502,11.736481373015812,11.73045886117887,11.71243726504305,11.707014326359754,11.709725795701404
12.293890410016148,12.309625535642832,12.307946891036146,12.283635851470748,12.277286529541016,12.275010452641625,12.298660801804381,12.292619825695025,12.290626507005484,12.291623166350256
12.037825097854004,12.052244840165354,12.047548979937407,12.050901805092936,12.033663749694824,12.036000799372507,12.036726743529659,12.042272447267356,12.045545147165019,12.043908797216188
11.679377845602518,11.668888521082131,11.674844866646964,11.69881615537054,11.680532455444336,11.66477040215265,11.649617154428963,11.675446426385697,11.681568897356176,11.678507661870938
12.114274363611017,12.119039933506732,12.107094276488866,12.134147970453618,12.18320369720459,12.168672867593575,12.140833500824277,12.138299893120049,12.143977807284209,12.141138850202129
11.969218282112276,11.95431510866491,11.95285495354199,11.950828227813794,11.927589416503906,11.925254090414107,11.951130247200348,11.950616256459048,11.94525509571547,11.94793567608726
12.391696492262586,12.391838946833701,12.390128235896764,12.418070460672114,12.430062294006348,12.422081715842637,12.418771307390086,12.410087900232966,12.413542771825695,12.411815336029331
11.396629273172055,11.413256034414756,11.392930866034462,11.42749990012918,11.405261993408203,11.389971772667359,11.421991245417896,11.412927689308418,11.416463811423927,11.414695750366175
11.303147857488396,11.310718010639555,11.310130898047188,11.349725909326887,11.443059921264648,11.440514001888166,11.474941258384396,11.376318591420777,11.371885425329834,11.374102008375306
11.606578896994396,11.606273836991196,11.579150283471918,11.604856744676422,11.68575382232666,11.69180319262331,11.621249884190485,11.624942637035833,11.629414556556405,11.627178596796119
12.228635642750561,12.232430197380424,12.19627363543793,12.24356690603952,12.217463493347168,12.19567691141192,12.225004462455376,12.22942014039461,12.231607343372524,12.230513741883566
11.86570879939481,11.87890166756367,11.851989971271916,11.825405472661565,11.849997520446777,11.825206611653426,11.81663727811975,11.847330147637315,11.848254621726301,11.84779238468181
12.067072247812051,12.061600252866878,12.03768581728044,12.051924494845743,12.030353546142578,12.038409340106035,12.030557492317225,12.048301606796896,12.047448028088166,12.04787481744253
12.734856466855735,12.749396583013972,12.721916157135933,12.728362598935131,12.63555908203125,12.622252398084802,12.670758421717988,12.703786630510816,12.704831142718568,12.704308886614694
12.38666034758753,12.422529597409483,12.311838718610002,12.313953147442877,12.459098815917969,12.461574381397886,12.374032855281115,12.391254952727795,12.392159503396329,12.391707228062064
12.353341870440595,12.377748765670072,12.324385513325861,12.35947752056733,12.297224998474121,12.326270959059862,12.298097375877987,12.337178106206022,12.343630560897875,12.340404333551948
12.03944843253106,12.028325031281375,12.015299714295466,12.084035229217864,12.031587600708008,12.022192863004902,11.98869416973309,12.034418092694281,12.046436901811255,12.040427497252768
11.728901990734032,11.727046163715901,11.731271948088018,11.808554141967717,11.801445960998535,11.799033059335075,11.801160347003744,11.773421720883988,11.781219301121354,11.77732051100267
11.897282707685493,11.868486528942686,11.829929753196218,11.82988476968308,11.816102981567383,11.805652221651968,11.795198367548071,11.841391071085344,11.835683447729267,11.838537259407307
12.692958577397109,12.713687542762948,12.668755939930048,12.695695058068253,12.761090278625488,12.79386533597192,12.772973752778405,12.72728104192644,12.724436333111377,12.72585868751891
12.109099707100338,12.102526779283819,12.040990486741435,12.02319774945069,12.024145126342773,12.023209946470768,12.075419232710747,12.066877718977674,12.050728957921558,12.058803338449618
12.042116272516438,12.040020895524108,12.015114384144937,12.017758890025371,12.063453674316406,12.048809174589977,12.05437768932778,12.043545484342022,12.039780127519066,12.041662805930544
11.369904594181381,11.420820745856417,11.424806914262234,11.442648671762255,11.493885040283203,11.504055838309995,11.459226132978728,11.437297037012396,11.451632170108383,11.444464603560391
11.891817036823685,11.883448812397104,11.888168210030644,11.867498737269834,11.83226490020752,11.830218624229243,11.838637299700117,11.862733357279652,11.860585062403342,11.861659209841498
11.961862084640229,11.968329935008212,11.956413931178027,11.966420859414969,11.975909233093262,11.974674799572732,11.957628128792605,11.966030048189856,11.969205397582748,11.967617722886303
12.036049230034202,12.038491757351187,12.022367217206124,12.032913161327917,12.035593032836914,12.035657899365823,12.048761005908636,12.038361637491771,12.036310591551832,12.037336114521803
11.405851222775468,11.459663642801342,11.3956846259779,11.435033118306546,11.2514009475708,11.174644293546644,11.37937198557793,11.386264183406418,11.38670327577794,11.38648372959218
11.773961398684332,11.742234135383404,11.75635471526398,11.79750023659883,11.81103515625,11.787038864741636,11.786443423824482,11.78223487014821,11.783868005421859,11.783051437785035
11.392840692155382,11.384655508782707,11.477196255468016,11.495202120449704,11.469096183776855,11.482429847712195,11.441288688477785,11.436616638728488,11.450843677446219,11.443730158087353
11.838862130213277,11.833422132333222,11.85697120621014,11.87367061379646,11.878483772277832,11.901062727186462,11.873481072986248,11.859583944321408,11.862758838365703,11.861171391343557
11.786031217893933,11.815760109379056,11.812490424782936,11.74005022593428,11.846573829650879,11.863234979920271,11.850157988902904,11.807714674352212,11.800099861556026,11.80390726795412
12.286532083154336,12.296465476628397,12.306977500124624,12.264143187115966,12.30318832397461,12.321810562556383,12.322136798193677,12.294493173813397,12.288581234414266,12.291537204113833
12.306258288466264,12.291408851910075,12.298427716805865,12.330960777215179,12.285035133361816,12.317462955816643,12.265394128331518,12.29581143585697,12.301903330940991,12.298857383398982
11.942846644364819,11.941477359828216,11.93096082409782,11.91060551011443,11.905061721801758,11.897359224471964,11.88430259368353,11.916858765958551,11.916895938665267,11.91687735231191
12.234374167380679,12.234020763189688,12.248526374314249,12.197708316991957,12.24299144744873,12.256450359391293,12.281232032785653,12.238065345559342,12.22664512390405,12.232355234731696
12.100007111028948,12.098249141020599,12.099864799808575,12.127917825805095,12.016312599182129,12.026459835756693,11.995636669646109,12.067624669336578,12.079160651903038,12.073392660619806
12.096596577850006,12.103036407847899,12.120811390362228,12.104234285055655,12.05916976928711,12.056598853403255,12.098139992787413,12.092235406565617,12.090607396611517,12.091421401588569
11.878425061807027,11.862242847833981,11.887544728719519,11.904794694847714,11.878618240356445,11.871949193679411,11.86696684557078,11.87820953808319,11.882101858298036,11.880155698190613
12.164781592208609,12.205134238102538,12.142888292807905,12.122265885050567,12.278824806213379,12.26793073093047,12.290123145886643,12.212225933492348,12.202209438697558,12.207217686094953
12.416467112930471,12.445053525353405,12.424695443025357,12.391568215664943,12.411284446716309,12.38806754441235,12.446129685351538,12.422100597203334,12.41672668450802,12.419413640855678
12.270685601259395,12.251648477395422,12.23799125559706,12.281273332468452,12.213397979736328,12.232664201035929,12.220417521191834,12.247484582410287,12.249234862093898,12.248359722252093
11.566214989106337,11.582054059681512,11.623127790255843,11.596168274258174,11.59653377532959,11.607166240614267,11.589649787562772,11.586124177187678,11.591585239896453,11.588854708542065
12.420715979442289,12.411821889848337,12.413681232905155,12.411892501227381,12.436713218688965,12.450799540343956,12.389427280571523,12.4141141739557,12.41766287946339,12.415888526709544
11.767459468399418,11.763861848174317,11.725969344784577,11.795282429215804,11.7559232711792,11.764783745018619,11.745584633449779,11.765622330083703,11.77151539138081,11.768568860732257
12.264930215675852,12.266422946285362,12.273501129913253,12.267879278238592,12.3026762008667,12.312471357668077,12.278346711156386,12.27605107044458,12.278012338609745,12.277031704527163
11.908947980218171,11.955094449372988,11.869497282062873,11.8340892008295,11.861059188842773,11.865613430593761,11.919814621951042,11.895801088242894,11.883748828863581,11.88977495855324
11.804539772715358,11.802435852418672,11.80499382754881,11.797826125944175,11.785202026367188,11.81127233041331,11.803106499925683,11.798622055474215,11.795926700012709,11.797274377743463
11.53232662486083,11.535941973276936,11.558080612731924,11.567758032009035,11.569620132446289,11.558524893588855,11.595995284736636,11.560328409465946,11.560238552059001,11.560283480762473
12.307057308623175,12.309721031829476,12.292882056014289,12.307332001168652,12.30013370513916,12.290618640151893,12.273791662238464,12.299607141799786,12.304035292200062,12.301821216999926
11.903761956815512,11.901612321656796,11.872681289701237,11.8975553685077,11.924073219299316,11.915638869379942,11.94545010580658,11.914490594417181,11.909191553832986,11.911841074125086
11.634475966123395,11.628741290033402,11.620328486348098,11.621507819027752,11.631085395812988,11.655424022590763,11.623619046004485,11.627885903400404,11.626580844759351,11.627233374079879
11.858848268232196,11.847188118883942,11.853597147125477,11.841811602242956,11.836006164550781,11.846280117053025,11.863180916419335,11.849407014065843,11.84304091748142,11.846223965773632
12.702181191407263,12.69386310939717,12.73426843770907,12.733161747075354,12.705154418945312,12.705644325431543,12.701482264063598,12.70716854617774,12.71129718773293,12.709232866955336
12.113665391427352,12.120794711882947,12.124310584908608,12.136371746082052,12.132501602172852,12.107648402643289,12.127538390863146,12.126174368485671,12.129993961681357,12.128084165083516
12.238461755047476,12.250114167137783,12.230250559087299,12.245790670710738,12.245687484741211,12.221341433617152,12.240698235432985,12.244150462614039,12.246781894095898,12.245466178354969
11.560863646117912,11.572488833587231,11.573660464324046,11.623710535409622,11.569931983947754,11.568919033443782,11.623972876931324,11.590193575198768,11.592699390222025,11.5914464827104
11.309865736978399,11.330385563058167,11.303537159589517,11.297237474781364,11.20982837677002,11.23183043548996,11.285966016575681,11.286656633632727,11.281659951198872,11.2841582924158
11.645865575011051,11.625736522393241,11.611491721409614,11.619604182137229,11.585118293762207,11.605315835560248,11.585776275906767,11.6124201698421,11.609618647033898,11.611019408438
12.45304807712369,12.470598936880757,12.44410302465944,12.408317031643826,12.431879997253418,12.440966059638225,12.517795859943925,12.456327980569124,12.440476896064375,12.448402438316752
12.35712181059752,12.355698500158347,12.359513730959781,12.369376495636548,12.361687660217285,12.354615852638421,12.3350162118819,12.355780135698321,12.360989589681747,12.358384862690036
12.60875648177506,12.58137861415919,12.625012079636473,12.62339839876843,12.613194465637207,12.61922573219333,12.593300165251183,12.604005625118216,12.605894404471343,12.604950014794778
12.067320157895937,12.073118989754857,12.063740126452892,12.0513074977097,12.03184986114502,12.025916782825544,12.02911248573783,12.05054179844867,12.051090054930286,12.050815926689477
12.90898785689096,12.899235551216945,12.912326389640803,12.881224678479201,12.893157005310059,12.936504722529927,12.883616895441245,12.893244397467681,12.89027641517734,12.891760406322511
12.439337825091405,12.44247661720389,12.402129256477263,12.418337835225485,12.410676002502441,12.417786721603061,12.414301208131349,12.425025897630915,12.423271643430327,12.424148770530621
11.465577769945607,11.455864003643565,11.359269448454999,11.38554011900454,11.435673713684082,11.482618290115676,11.396356600745568,11.427802441404673,11.421984000400602,11.42489322090264
11.939348039713694,11.947472632755822,11.918716135453607,11.911358702618678,11.883628845214844,11.883126962386267,11.923718978808928,11.921105439822394,11.91515953241831,11.918132486120351
11.623631786360491,11.608398972128919,11.651433255670305,11.725098675955953,11.75639533996582,11.735576994659992,11.729824302125296,11.688669815307296,11.698734845108037,11.693702330207667
12.120293642229685,12.149388589226247,12.115020969494818,12.146690400463937,12.126872062683105,12.13341687787673,12.121582273065462,12.132965393533688,12.140368001063948,12.136666697298818
12.734081229861644,12.74763807823589,12.761124984183946,12.747062858122764,12.752577781677246,12.755734131307896,12.768766628065922,12.750025315192694,12.75008865010425,12.750056982648474
12.177509372378648,12.182054893372124,12.194898905989533,12.189162814792569,12.186056137084961,12.18062783637938,12.171372773970827,12.181231198319825,12.185062857454096,12.183147027886962
12.365920752240767,12.349805209079921,12.348691152185282,12.32154351149544,12.411727905273438,12.45081073426302,12.405464495001377,12.37089237461819,12.360905256424306,12.365898815521248
11.75114999345636,11.76900424002994,11.69860541257462,11.7019978685075,11.603004455566406,11.598745004772633,11.638666298622487,11.692764571236538,11.690383669815525,11.691574120526033
12.224845942341178,12.226104981296679,12.193851567153736,12.233517984608227,12.146605491638184,12.13646397340385,12.129230418609474,12.192060963698749,12.200260907473071,12.196160935585912
12.299671322277831,12.341411923251162,12.310091770784803,12.298064335046636,12.240447998046875,12.264902658057062,12.258272927583866,12.287573701241275,12.292459569481714,12.290016635361496
11.889968176880975,11.900094391352155,11.907867651176225,11.901810602199177,11.894134521484375,11.897675567077819,11.933286050375221,11.903858748458381,11.900932265356616,11.9023955069075
12.184689738639985,12.189823263697914,12.196294750804888,12.176851070107766,12.205523490905762,12.193870623065463,12.207966456814276,12.192970804033141,12.190841408941312,12.191906106487227
12.242780593267069,12.22763030390584,12.224327641435522,12.225688150384705,12.252134323120117,12.236349218868318,12.200383102521116,12.22972329463977,12.23237172786536,12.231047511252566
12.301179878349297,12.309273486205766,12.307327209910554,12.299362015576133,12.29547119140625,12.318432609942798,12.267361118243183,12.294529537956127,12.299397516833604,12.296963527394867
12.067164539211987,12.055169211287664,12.062075741910995,12.064691649373165,11.989076614379883,11.952952349563013,11.980124145508967,12.031245231952333,12.035181026786141,12.033213129369239
13.025963179393298,13.022611940605783,13.10259356300082,13.158023609715862,12.991250038146973,13.011494607605897,13.008641074267587,13.041297968425901,13.060207133578402,13.050752551002152
11.543656356315074,11.540592986328917,11.557484290502792,11.55376985449175,11.591141700744629,11.58347309666352,11.60121433412032,11.566075046400139,11.563230114249894,11.564652580325017
12.027547132665077,12.030794831648521,12.022850203065234,12.030279538550591,12.03030014038086,12.030683033825474,12.023975665635364,12.028579461776083,12.03007346042219,12.029326461099137
12.014403777760734,11.99703434271622,12.017575579990453,11.977845348791558,12.09549331665039,12.113710300215846,12.050131966394542,12.026981750462689,12.02162222766945,12.02430198906607
11.724767201335753,11.7040446213471,11.714218018277315,11.684920979417146,11.593155860900879,11.604514571750828,11.62677307618276,11.666732347836728,11.661072227929452,11.66390228788309
12.173763321481657,12.164109815810477,12.16019322197376,12.228392476525876,12.2726411819458,12.25543284195655,12.133035646025633,12.19438848835789,12.215867607347086,12.205128047852488
11.719360991388253,11.750322612977389,11.750272630060687,11.704889407646194,11.720359802246094,11.698135408731149,11.691995101456202,11.717385583142827,11.72242501882462,11.719905300983726
12.761927225970004,12.785379400314396,12.826209846096702,12.742225703283697,12.943456649780273,12.919637170982101,12.787266681521468,12.804051132173969,12.815652637723387,12.809851884948678
12.118754933076152,12.121965222718394,12.105231963895388,12.09486511040647,12.039936065673828,12.059388548046945,12.07559795776113,12.090223857927196,12.086275100721409,12.088249479324304
11.683773258534718,11.694522970531812,11.688184103833425,11.709048314219665,11.75699234008789,11.731370592075768,11.759582913687371,11.720783959412291,11.72130556989265,11.721044764652472
11.861390807110736,11.838704685495111,11.831667229502798,11.82895067966356,11.879300117492676,11.843228220380135,11.881943931040393,11.858058044160497,11.849447844383672,11.853752944272085
12.51660117948401,12.502680581981629,12.512988521746927,12.506835969559493,12.488218307495117,12.472552990360416,12.49819587276691,12.502506382257433,12.49973095187715,12.50111866706729
12.46438232591169,12.466831517895715,12.481921706045359,12.493113348602026,12.533684730529785,12.52820184446361,12.556241603517671,12.502850705291378,12.500410282855054,12.501630494073218
12.150933994658693,12.166516351295222,12.172920978702294,12.131031460613684,12.062074661254883,12.072476594034745,12.109191641943578,12.123949621953214,12.120831858204987,12.122390740079101
12.175582273392868,12.187708564395216,12.196551503100483,12.18239077830345,12.216493606567383,12.215982245429462,12.20677566922283,12.19379017837635,12.195206787053685,12.19449848271502
11.88006407119001,11.884820090937932,11.895734852333973,11.862026567094734,11.866981506347656,11.876422051053384,11.922269101915955,11.883232267497258,11.873927335710064,11.878579801603662
11.728509517101473,11.731664506400206,11.746506632266644,11.709622586380274,11.696968078613281,11.70600837060372,11.74475678839138,11.722304295377324,11.714781016200359,11.718542655788841
11.864913142336807,11.853317549833859,11.848514342007288,11.84760773636175,11.89454174041748,11.921740023395312,11.90345327805058,11.872766689400096,11.866060113789981,11.86941340159504
12.651489094649357,12.666340224210606,12.648054499207664,12.686049464254847,12.556547164916992,12.563033858603314,12.600092458654329,12.632103681337227,12.637918702123521,12.635011191730376
12.593523756502657,12.591254112703025,12.617261907352402,12.655327214785991,12.622514724731445,12.570712786121913,12.673664857283786,12.627256933201382,12.627457725254008,12.627357329227696
11.711345754736428,11.740610964742377,11.584194328477551,11.688267005723718,11.72458553314209,11.717497445205085,11.704962566711263,11.713954365011176,11.715613859651633,11.714784112331404
12.63223784971116,12.624988421536166,12.628188023772022,12.632626096250583,12.612138748168945,12.596079749894558,12.600668173554764,12.620531857844325,12.622557714767687,12.621544786306005
11.786229692885028,11.758142097967655,11.777198410052975,11.796720123235872,11.75539493560791,11.763771691138528,11.774337341941854,11.774164838327664,11.771806202883553,11.772985520605609
11.988076599965938,12.01594473133242,12.003289765350655,12.002386625530324,11.99548625946045,11.995898812418003,12.027018268912162,12.00578249704026,12.0059894858066,12.00588599142343
11.657324611329447,11.688236722561863,11.667636295190496,11.665806360378284,11.675362586975098,11.692382949608287,11.639784177467792,11.665302891742497,11.67386190430937,11.669582398025934
11.86539532972857,11.849938542702665,11.880820162117022,11.860859748657045,11.874885559082031,11.88580600742747,11.901029792940143,11.870421794622091,11.863896842638319,11.867159318630204
11.626086530342917,11.638166087161023,11.632328958737382,11.607195950204744,11.623313903808594,11.641845345488138,11.628853055486488,11.624723105400754,11.622528102556583,11.62362560397867
12.132156729941787,12.120259940685386,12.122703156458916,12.16208920087757,12.152084350585938,12.161284715552256,12.154651925410532,12.144248429500244,12.146027465812494,12.14513794765637
11.758725105037295,11.76287541137912,11.76729181212803,11.728439078629972,11.83197021484375,11.836467403358819,11.809689935318065,11.77833994904164,11.773350130259933,11.775845039650788
11.762286168553118,11.744590847857818,11.785168144178277,11.775125780557664,11.840340614318848,11.82352215720593,11.85780278267614,11.796029238792716,11.789326865923599,11.79267805235816
12.392262342266747,12.412181234166919,12.402808402472484,12.364536598956002,12.376591682434082,12.3588569110325,12.400213081553387,12.389156987875428,12.384613392020348,12.38688518994789
11.951365814013721,11.945760296149174,11.941198830653295,11.923664420368246,11.941339492797852,11.93169567738846,11.913392154457355,11.93510443555727,11.934865191294376,11.934984813425825
11.460105285315311,11.459207909877298,11.440594946329213,11.406055450530106,11.392634391784668,11.401245849031406,11.38869353998884,11.421339315499244,11.41741113371027,11.419375224604758
12.000055947380343,11.98860068659761,11.976325046990635,11.999942975060057,11.969837188720703,11.968634433820462,11.965922880268415,11.984871935605426,11.985869319078185,11.985370627341807
12.42163270136068,12.419482986000281,12.424530204443982,12.450456175206554,12.45128345489502,12.44968061687111,12.44882421644012,12.438335906780532,12.44114823618671,12.439742071483622
11.904524230079442,11.907364988558692,11.900457783057202,11.902572461788017,11.888946533203125,11.896527102903931,11.942348801822817,11.90915140309042,11.902462159498302,11.905806781294363
11.935019494743406,11.94458360947006,11.949403544601521,11.989565722184619,11.922216415405273,11.937874365181623,11.928426865265848,11.943962421413842,11.952976139465015,11.94846928043943
11.832930010053238,11.828703253691964,11.839509333017757,11.827683878871186,11.837443351745605,11.825463707506103,11.854635708872406,11.836279240646881,11.832367978321543,11.834323609484212
12.258067118568581,12.250864426400561,12.24592083605594,12.246397547996649,12.253870964050293,12.24472843875486,12.216838918852051,12.245207795173629,12.248169277984449,12.24668853657904
11.456158358384107,11.457627232314525,11.44290316581094,11.525873151241775,11.340270042419434,11.293199573028309,11.415045308210157,11.438994818514,11.445413483140001,11.442204150827001
12.45393013211206,12.468195655241278,12.429163921673128,12.405930641268773,12.368118286132812,12.371224300779632,12.324050971762155,12.404045137303417,12.409303311999182,12.4066742246513
12.05617124524384,12.066435313229404,12.025858216177646,12.001502913566927,12.104772567749023,12.09626814462031,12.071760880095182,12.060128583976876,12.054998997607875,12.057563790792376
12.24631739049849,12.247796732875775,12.24870293965937,12.24760876337044,12.189765930175781,12.21291963402835,12.2409875821797,12.234495279820038,12.23071465157919,12.232604965699615
12.225550015153305,12.20807237369846,12.216435980038465,12.251541036246483,12.25484561920166,12.276336275798807,12.228094006301063,12.233620610120195,12.237852800050359,12.235736705085278
12.066124537186464,12.057275121371894,12.07138748081786,12.08581393072785,12.097257614135742,12.0905964627796,12.102833300524697,12.08186090078933,12.081381053194587,12.081620976991958
11.613903184013088,11.626731048028432,11.604198780948435,11.675506761406806,11.694757461547852,11.674103934662424,11.67222267255951,11.656624225511138,11.665946567452181,11.66128539648166
12.899174625271453,12.897822619489224,12.886896204571478,12.887663960613803,12.938823699951172,12.992985981147815,12.982573844529655,12.921211749971063,12.910971434451012,12.916091592211037
11.468739177993836,11.472826393898798,11.480361973376075,11.533483802955985,11.484115600585938,11.482701504482637,11.453469985586425,11.482526992204196,11.496155632226554,11.489341312215377
12.473229252129357,12.474354376596672,12.444466139102882,12.464633585259868,12.464146614074707,12.48237472167514,12.4738646188488,12.470045689381882,12.468000354493691,12.469023021937788
11.495337316892085,11.491459022904047,11.491071686677682,11.517497491810788,11.452253341674805,11.46186174663722,11.472996313853647,11.485908697427075,11.488264413892065,11.48708655565957
11.605755658223352,11.591122135116283,11.60360446038294,11.651107300445027,11.669493675231934,11.684650022967283,11.708569755369322,11.645209704877184,11.641437420776946,11.643323562827064
12.15383982054574,12.158422580495182,12.160891789170947,12.165287576340415,12.166207313537598,12.158787879647242,12.168885587313133,12.162528575646414,12.16366730048442,12.163097938065418
11.770598379806316,11.769224649652815,11.796063031042095,11.807134796114369,11.818787574768066,11.810130312322409,11.809476648340826,11.795044409736478,11.799043218624863,11.797043814180672
12.731062593214416,12.734736437000956,12.752374710609294,12.737871780163863,12.767562866210938,12.770213994478118,12.768184166402595,12.747883568598553,12.747192726512925,12.74753814755574
11.432570747016541,11.424435419988185,11.433910046202008,11.443120328444097,11.419844627380371,11.420170258264886,11.462834391427302,11.4365611028513,11.431909345971416,11.434235224411358
11.782857720319623,11.76472935428867,11.824902877697019,11.85220695900545,11.81275463104248,11.819007132463529,11.845684742428144,11.811646681416875,11.813839987327349,11.812743334372112
12.290933199791061,12.293947745414577,12.279607317290283,12.292622612949462,12.254222869873047,12.23681157695262,12.244136043153619,12.275172494236354,12.279191265906858,12.277181880071607
11.396018195498732,11.395283433068549,11.397001160427411,11.43402497982108,11.337433815002441,11.347389960245494,11.345676828441558,11.381687450366472,11.389372158456815,11.385529804411645
12.140222906143334,12.134881206268936,12.147578866759194,12.129902677800674,12.111016273498535,12.130386729056193,12.144082440499094,12.132021100842115,12.126843699049866,12.12943239994599
12.331632409836136,12.326023339072481,12.325987585655142,12.298013852860773,12.307045936584473,12.275916422450894,12.267594644240454,12.306062036518865,12.307363867816942,12.306712952167905
12.519218533700487,12.531812772493215,12.537116316744601,12.527036632025183,12.481986045837402,12.48237361372178,12.479883746912444,12.507987546193746,12.512831706095973,12.510409626144861
11.760012051463198,11.766833325201086,11.754062305748096,11.760936735965098,11.728704452514648,11.727495320121706,11.710696882480445,11.745436689524896,11.750563457512296,11.748000073518597
12.44880460346513,12.441569698594838,12.450475619914407,12.48332321300681,12.52344799041748,12.540813736351252,12.484047069556773,12.476238515008207,12.48211750070531,12.47917800785676
11.577514076904446,11.570344500144342,11.511962096357777,11.543322004259139,11.528362274169922,11.518747875470195,11.498594719743618,11.543627515044294,11.544662745156225,11.544145130100262
11.399777108266377,11.406435631209934,11.44408533998687,11.394510293563766,11.34839153289795,11.381598768328686,11.39493663456184,11.388810240099975,11.384967005732088,11.386888622916032
11.78228518470723,11.805356556747423,11.80803986425688,11.835893874670454,11.801318168640137,11.809390177490235,11.780940876139235,11.801158932180897,11.813458308074756,11.807308620127827
12.354680410878634,12.358086360151068,12.354497263518857,12.358024613041108,12.327743530273438,12.319713262003718,12.358946776046816,12.351496338078213,12.349426261099193,12.350461299588705
12.291465267798698,12.291466152052179,12.291545349183872,12.296847520489889,12.311776161193848,12.318271143517356,12.301337978659328,12.298578616038789,12.299743678991828,12.299161147515308
11.808815176582717,11.805299333374878,11.779208230343201,11.761100285139932,11.768954277038574,11.828442407348716,11.78529588495525,11.78589299141827,11.77825052042256,11.782071755920416
11.821580440981352,11.840399296711517,11.836675110883053,11.840369941358915,11.848703384399414,11.81463187252172,11.8376350564953,11.837737623989298,11.842605068678587,11.840171346333943
12.185017052716017,12.194097349505583,12.18144900391026,12.19136365082115,12.158578872680664,12.152121526266821,12.176384355528413,12.181088256250366,12.181932244708376,12.181510250479372
12.500183081897303,12.5209375092814,12.536857522183332,12.562518070912875,12.464333534240723,12.476467553791423,12.462192867208927,12.502033012708246,12.51584142456056,12.508937218634404
11.256725183146358,11.296422708358893,11.200496142091595,11.183894480682426,11.319149017333984,11.291534201324975,11.310541971538282,11.27334667221199,11.264372549277335,11.268859610744663
12.566073345414965,12.554443875897821,12.506326535050249,12.499785106971034,12.558672904968262,12.587856994521173,12.538558236566923,12.543506693963803,12.535593985202969,12.539550339583386
12.075488497501071,12.08579536589386,12.07842439524351,12.087005884127137,12.086592674255371,12.096581517453542,12.055066708434085,12.077989826042305,12.084647756418804,12.081318791230554
12.129277745087803,12.090865268883043,12.075175988617328,12.028024212538039,12.095047950744629,12.070237596966784,12.082225598625136,12.08508815517573,12.069562661625444,12.077325408400588
11.885400605844612,11.886569219245425,11.890772311281456,11.857746121118396,11.911391258239746,11.899762495340662,11.897872965046563,11.887796033898951,11.884251093058786,11.886023563478869
12.274527835818882,12.295820375572095,12.282203912928438,12.292458404852514,12.366434097290039,12.353347333729523,12.335502388475282,12.312948620401762,12.31718836254396,12.315068491472863
12.22081916918562,12.205642456722211,12.21963489365561,12.218179909804583,12.214418411254883,12.186973873681838,12.184656592072407,12.208743307807943,12.211314595335708,12.210028951571825
12.335969775602447,12.33739903698061,12.310405509109474,12.298527999945293,12.351950645446777,12.359537839955673,12.32683836843409,12.330137165281844,12.327342647560942,12.328739906421394
12.313335595683442,12.30345216858016,12.3058301334401,12.305096432080408,12.290529251098633,12.316236880669862,12.30171499034206,12.302825687556942,12.300225357997421,12.301525522777181
11.532878537721638,11.542026891506769,11.500306941024927,11.525384059483487,11.561820983886719,11.566422336582578,11.55617995529088,11.5436580855779,11.542698940096344,11.543178512837123
11.991531784159209,11.980181995031637,12.004638372905065,12.022150911053934,11.982389450073242,11.983915609800903,12.01711656899119,11.998674141861843,11.997666286905083,11.998170214383464
12.688082236651109,12.696174159607963,12.692241365091277,12.709588836779936,12.69432258605957,12.70916738667265,12.699987437329096,12.697631051285537,12.70056240818624,12.699096729735889
11.977320457364955,11.990637018297308,11.995675658737333,12.036616118462353,11.963300704956055,11.946050753675529,11.970119976075438,11.987598855031221,11.997700194272788,11.992649524652006
11.73490948074503,11.742387672073662,11.715144838378501,11.717571830721969,11.678648948669434,11.674448066703652,11.713497890466419,11.717403164535302,11.713758194381242,11.715580679458274
11.256559833440853,11.258515205999089,11.257055808181827,11.26244178890881,11.315356254577637,11.312116456762814,11.347164314859333,11.288007479557145,11.281358016275608,11.284682747916378
12.11816292072954,12.115714324065204,12.12105749266486,12.099841288956924,12.089911460876465,12.093957149050915,12.080725964417763,12.10087119180918,12.1007208625478,12.10079602717849
12.175840059662637,12.172562088251668,12.152510082546467,12.139651533077629,12.113691329956055,12.112720467135926,12.122348120200304,12.144818626229657,12.14124459758372,12.14303161190669
12.17291180954407,12.141170695546656,12.12831383681156,12.131224450428709,12.084102630615234,12.04727245880371,12.059685253575227,12.11781896794198,12.11657553170464,12.11719724982331
11.593069517032333,11.58368353617262,11.58857782096625,11.665075680227229,11.59331226348877,11.591450041866585,11.59439536093525,11.60590727157124,11.615555370309533,11.610731320940388
11.977391139669741,11.973903256247938,11.981427191699536,11.977008637296864,11.970619201660156,11.954929351023305,11.955916015507317,11.970967650076403,11.972996316005206,11.971981983040806
12.49912046352307,12.495907103305994,12.503474495941678,12.495595423263387,12.502029418945312,12.464704209247687,12.48150108812944,12.494830699433441,12.496707502616122,12.495769101024782
12.268724580980091,12.236947364406204,12.271681571078272,12.313694013980868,12.288294792175293,12.323374048758254,12.335152264535862,12.288562603215665,12.284263691282082,12.286413147248874
12.679960944665257,12.684529302902021,12.667329176133183,12.653432542339425,12.611703872680664,12.596662774444079,12.63676931251239,12.653279195019952,12.64999434013904,12.651636767579495
11.975728371778606,11.978366450273349,11.975648180686285,11.963759421999521,12.006896018981934,12.004832174194608,12.041471864298941,11.993244425466472,11.985119359009559,11.989181892238015
11.724025473980626,11.719452406666694,11.731063338306438,11.733289029745842,11.763578414916992,11.756268214289056,11.750175415450439,11.73810414815212,11.738730284411885,11.738417216282002
11.983878902962116,11.990693056610604,11.987122463031284,11.998791683207376,12.081460952758789,12.06713036278437,12.021655136736621,12.015295946455101,12.021332860947336,12.01831440370122
12.182221792720632,12.16651675896716,12.173823588388387,12.186596926388884,12.181883811950684,12.239267622199124,12.199620998519272,12.183368057709327,12.179884008639398,12.181626033174364
11.617512223753925,11.601692204733942,11.662401931280588,11.695645867705808,11.646936416625977,11.626152633165816,11.690119695725581,11.650381281709047,11.652710680441945,11.651545981075497
12.908297758582888,12.875795084505615,12.954490884808308,12.889585121517273,12.858156204223633,12.789996799887875,12.831232605424194,12.872613354850722,12.872960808075067,12.872787081462896
12.334716907822726,12.320539590951949,12.289378532768914,12.311427797810005,12.33228874206543,12.31632554160748,12.356433816656864,12.331081371061396,12.322817037310585,12.326949204185992
12.311395098100553,12.319346329318225,12.310836735877874,12.290561009150775,12.244930267333984,12.25479255312801,12.266515944760341,12.286549729732776,12.284867937763263,12.285708833748021
12.261158462202491,12.231242415731145,12.226499547334159,12.250599322496509,12.161285400390625,12.162584705695137,12.160453055425503,12.212947731249255,12.213838925425208,12.213393328337233
12.197450686060636,12.18581590585223,12.178756572538969,12.214460038346447,12.267956733703613,12.258131501624488,12.244499562961416,12.222036585384869,12.222799714804227,12.22241815009455
12.354328798398024,12.345434629267055,12.385656634383029,12.394984756848023,12.417725563049316,12.411434108257177,12.471440797895863,12.396782909091657,12.39085765471688,12.393820281904269
12.13072484537064,12.137985091397502,12.12085436408453,12.11297345863514,12.116432189941406,12.096958267850567,12.08190258471146,12.11600363401123,12.119774760182013,12.117889197096623
12.047012010447622,12.063718398176704,11.99708250605265,11.973157815818356,11.980500221252441,11.96888406433569,11.96999239642066,12.006876168423156,12.002703091382351,12.004789629902756
12.111186801318938,12.11039002614775,12.13398956076566,12.118026443309487,12.072498321533203,12.080759681843352,12.04884033645313,12.092188385752504,12.098607601807643,12.095397993780074
11.537736212324443,11.520859653568218,11.553687996235638,11.50536544481443,11.552143096923828,11.555365396138233,11.494263934423362,11.522073668410856,11.522837346436638,11.522455507423748
11.62743485823692,11.61992538776073,11.641975428615837,11.682815796754312,11.674737930297852,11.68433541100554,11.649358475403123,11.650854489690587,11.659356709450512,11.65510559957055
11.842145938432774,11.829222198453804,11.831984046465175,11.894254859010212,11.855463981628418,11.856580690993235,11.852533143856432,11.85472402427633,11.860863335795727,11.857793680036028
12.467242188066495,12.472019995765388,12.453891097647219,12.444478074819468,12.440168380737305,12.403721671110992,12.445896612991747,12.453961050476082,12.451729494761363,12.452845272618724
11.712532975016597,11.708137029342797,11.731215071900252,11.759590300192242,11.783470153808594,11.717305845396796,11.715074140100233,11.735760919692094,11.748124098444844,11.741942509068469
11.775251432689247,11.78022579955099,11.786842641627985,11.764620906058134,11.786334037780762,11.797286163893757,11.80371534854445,11.782029504924717,11.777888874195941,11.77995918956033
12.37372988548298,12.388265167854568,12.413926801447428,12.420487058799932,12.404086112976074,12.402781157196504,12.399181904874194,12.39715002599755,12.404712597978698,12.400931311988126
12.064050409808775,12.07122587323145,12.044017259187804,12.025560399589539,11.99826717376709,11.999134013430716,12.039292157610848,12.03967920280154,12.032480554710347,12.036079878755945
11.909163760667157,11.919922419591147,11.898588189521327,11.885398477709659,11.914406776428223,11.908906882296748,11.899110774206438,11.905600441720527,11.905040776058428,11.905320608889479
11.806646807972811,11.793590038965664,11.772866833323077,11.844408135021604,11.825958251953125,11.80750393364263,11.807108657501988,11.81554237828304,11.821436942094543,11.818489660188792
12.391563594948957,12.381035802352738,12.368518619293706,12.401004967944685,12.351550102233887,12.357960752692907,12.367801795792898,12.378591252654635,12.37880653624901,12.378698894451823
12.110723918045503,12.093996117129501,12.095322437255046,12.127102456930496,12.116923332214355,12.106765452258642,12.105535216671806,12.110856208198332,12.112824481755869,12.111840344977102
11.93469448868622,11.974124190106743,11.952795652133464,12.012762386065825,11.983272552490234,11.91301418492061,11.994345004028556,11.979839724275516,11.991451474920904,11.985645599598211
12.043226532391811,12.044451773452224,11.976395901729148,12.019801154094635,11.956433296203613,11.956917554006813,11.96889933922003,12.006562419072463,12.006194678995048,12.006378549033755
12.52670412897855,12.516050628425587,12.538437223648412,12.487255003359193,12.495384216308594,12.520982798321034,12.521347584519745,12.509348312318334,12.500364403979518,12.504856358148928
12.30032911510195,12.308880263892227,12.297050077348246,12.303846996214183,12.308627128601074,12.327752763870913,12.354867438252125,12.315310188412312,12.30973934472863,12.312524766570473
11.76704280878158,11.780438849286032,11.817008742289891,11.804575803605966,11.781328201293945,11.757364323206835,11.819538027700979,11.790584738133699,11.791431275499624,11.791008006816664
12.591774792359896,12.590856855621041,12.621769679029377,12.592145477630499,12.643317222595215,12.605478843790335,12.652019276669431,12.614022724975218,12.609912199835062,12.61196746240514
12.593020495855928,12.601129957757005,12.577662499728106,12.598742192685075,12.623588562011719,12.615379295152362,12.607721678389856,12.604840577339917,12.607111455447699,12.605976016393809
12.374505645231878,12.386373452798178,12.398507695363826,12.442720085537859,12.347148895263672,12.340157429466958,12.401901523814002,12.390529920529119,12.395771945611912,12.393150933070515
11.562140245687706,11.56124684939208,11.550778211500543,11.497013555300825,11.567940711975098,11.575482821951068,11.545152222885688,11.54669871704828,11.539739457650494,11.543219087349389
11.594157364146747,11.577982898865773,11.59471775196937,11.578644232541524,11.600689888000488,11.675397908952386,11.583926089361382,11.587080094583184,11.585064727048756,11.58607241081597
12.80898032808668,12.807270878706968,12.846145147860248,12.786784864473587,12.830451965332031,12.832259489050552,12.831066627532943,12.812910932826444,12.80813242066159,12.810521676744017
12.047065156991591,12.053279327635138,12.071358807650395,12.072042968745674,12.108375549316406,12.099760668808525,12.081523007892793,12.072457202116322,12.077277857096192,12.074867529606257
11.821338547942473,11.82233664267842,11.820528341862847,11.790516842787632,11.874246597290039,11.870886222254617,11.843837047969407,11.830455135733594,11.827323642481698,11.828889389107648
11.730068117137131,11.732612197316431,11.724003975765067,11.720666802386413,11.737873077392578,11.77690219998577,11.761417243156554,11.736527487477822,11.731624748558524,11.734076118018175
12.700406434137538,12.729499564844629,12.708584768172747,12.677441854996214,12.637895584106445,12.629550759055984,12.610558471136622,12.67116038184429,12.678082224147179,12.674621302995735
11.996104028610564,11.992417862527304,12.029232036374417,12.023796804727226,11.965446472167969,12.004642985685447,12.001678473635716,11.995888728333757,11.99621939199104,11.996054060162399
12.12444997265131,12.13067786720044,12.140253999803939,12.126006388044026,12.112342834472656,12.120282462708872,12.135581847929622,12.125811782059612,12.12407968592173,12.124945733990671
12.440570967189238,12.431340134749371,12.444191612154082,12.435341415226429,12.462342262268066,12.441911046272478,12.450985915962317,12.444116139079084,12.442768798130867,12.443442468604978
12.462245698427575,12.476501688743978,12.470763767497843,12.468375535482672,12.493865966796875,12.488089181560373,12.45990020061573,12.472177818013368,12.47765765884931,12.47491773843134
12.657380723087373,12.651142562917668,12.668370507452764,12.687560190490267,12.65788745880127,12.656294800040973,12.685896596521117,12.667973506363541,12.66785552906836,12.66791451771595
12.184571217098052,12.17057026090579,12.185160378845797,12.200302645219617,12.136430740356445,12.157090362377907,12.184256227737931,12.175226218263568,12.17200202022741,12.173614119245489
12.880804819460792,12.853834670059419,12.831291022777066,12.858124333941168,12.929027557373047,12.926157915909581,12.802651509342256,12.864888578035337,12.87387053967839,12.869379558856863
12.74738826423291,12.719907402505049,12.731899112825383,12.737737294071017,12.677490234375,12.702145969804096,12.663432265911961,12.70919109221919,12.710693984898668,12.70994253855893
12.471549495949391,12.48217351214934,12.498323190562303,12.480700453717363,12.512394905090332,12.548853759748047,12.558012469078292,12.500966167196944,12.494753508171367,12.497859837684155
11.68790060953451,11.701792308046748,11.738329434731373,11.715621218618436,11.70142936706543,11.729361616696108,11.73728437854503,11.708805576362032,11.70860706813514,11.708706322248588
12.486084398699079,12.423345096573717,12.428749254561797,12.46197915051697,12.43907356262207,12.495585833814268,12.378618248869673,12.437820091456302,12.438751568244374,12.43828582985034
11.450204112524565,11.455175535875062,11.430003718112054,11.43311517013414,11.46434497833252,11.439061315235952,11.489068876100903,11.458381734593438,11.452065083899212,11.455223409246326
12.627160165131617,12.615369180265201,12.59905153843941,12.641563958874958,12.665730476379395,12.631210588679393,12.578677168180167,12.625700189766269,12.636809809211703,12.631254999488986
11.898934391220626,11.882686470529432,11.893601333709434,11.912479342087794,11.864056587219238,11.876935274699285,11.892729882592501,11.890177334729918,11.88836736725885,11.889272350994386
11.965175813603715,11.983741951131632,11.96932088380525,12.046097107738705,12.0469388961792,12.048955210824769,12.021413799449624,12.012673513620575,12.025869363737833,12.019271438679205
11.349318136126252,11.376954924775829,11.371491773152002,11.431900604526245,11.246194839477539,11.203810890094319,11.29723586315536,11.340320873612246,11.354073166526838,11.347197020069544
11.81020594858743,11.835214493210716,11.788407184320935,11.760224514202388,11.803689002990723,11.772617745854983,11.8124929150909,11.804365374816431,11.798609784627779,11.801487579722107
11.77135891642005,11.756984541750262,11.780241227319946,11.766806553049868,11.822062492370605,11.821272665493115,11.816168227879523,11.786676146294063,11.782523820340359,11.78459998331721
12.654740666659848,12.642991951425017,12.654544473492617,12.658621802680292,12.779053688049316,12.740338744279848,12.66589354178721,12.680260330120337,12.688765828267556,12.684513079193946
12.265695187570739,12.29081237177884,12.272239170505111,12.253534884532499,12.217070579528809,12.21588737595737,12.237834627654898,12.252989530213156,12.253546173480737,12.25326785184695
12.22955350219657,12.219850978573671,12.223563666656155,12.220600124100235,12.177799224853516,12.186154481169057,12.179562796487167,12.205473325242233,12.205711918149774,12.205592621696004
12.468787046291164,12.503756040053833,12.418546009392154,12.351201777166931,12.289458274841309,12.332600530974295,12.236332013613035,12.369907030393255,12.373334884894714,12.371620957643986
12.871467653856898,12.82635887480865,12.830882951122632,12.843912274040337,12.816248893737793,12.793611717886328,12.835445065280759,12.838686552344887,12.83013962951263,12.83441309092876
12.292801632052202,12.295778515279407,12.295422876649587,12.264596469860432,12.317581176757812,12.31775646535178,12.288843224420226,12.291920203674017,12.290701979745922,12.291311091709971
12.266262147803936,12.259292646758011,12.26348558145147,12.252956065286813,12.23357105255127,12.196372402957296,12.217185821327888,12.245853546745584,12.247243327223515,12.24654843698455
11.899180360141127,11.890284549159906,11.874197814041793,11.893805344277782,11.906929969787598,11.934737180098953,11.912196663397522,11.900479377352786,11.89756662769204,11.899023002522414
12.282784119126504,12.286284539825509,12.276597368234764,12.25132255076286,12.302865028381348,12.278075433093003,12.33570199093583,12.291791645806411,12.281689883866026,12.286740764836217
11.313483076169861,11.353269781635943,11.337404961730279,11.365141845469575,11.418327331542969,11.493135115921179,11.394125885035786,11.368869583970827,11.378447392733152,11.37365848835199
11.35762774577508,11.287771724055748,11.364325999596185,11.428890868972742,11.400455474853516,11.393847842359179,11.367305702274956,11.368410303186408,11.374089049357071,11.371249676271741
12.546089901097469,12.526846948233477,12.512207887412874,12.500748717779038,12.5059232711792,12.515833545996143,12.54454294294366,12.524830356246568,12.512757284654818,12.518793820450695
11.398847249859456,11.410456946735003,11.40453259835124,11.419194687823907,11.41226577758789,11.388880601553307,11.447984618959337,11.41774985619312,11.416230913060666,11.416990384626892
11.792052436963788,11.78560193816426,11.776340264746239,11.779168707252389,11.831463813781738,11.816669329069288,11.801122363630377,11.797881851958511,11.7973921142696,11.797636983114057
11.843281128857223,11.848336786746966,11.852591357815406,11.839459913171215,11.857189178466797,11.854479512446327,11.848099836549276,11.847273368758296,11.847750947192313,11.847512157975306
12.109965662032867,12.114454436807048,12.090158405573007,12.109326759222434,12.061280250549316,12.074002291244227,12.062232003157327,12.0914518223538,12.094374581148791,12.092913201751296
12.138794101809337,12.157988644531713,12.14090641575436,12.127216545968931,12.113727569580078,12.1205038325847,12.103251738378553,12.128195720053725,12.13133831345671,12.129767016755217
13.009293049474694,12.989186107035419,13.037706469296896,13.008453784166285,13.09210205078125,13.119976610554385,13.055137755236753,13.03083454933888,13.029262899023031,13.030048724180958
12.59451777502882,12.59604037561892,12.594733407351548,12.590943144822106,12.593240737915039,12.540247180826471,12.654570443373244,12.605862495351627,12.596882428044797,12.601372461698212
12.216292614127532,12.190067864270006,12.224372440822602,12.207869271017895,12.24193286895752,12.256175992530459,12.233715516247248,12.21797562692404,12.213706455024365,12.215841040974205
11.493683211287545,11.516161663074335,11.464202463905025,11.43843628781386,11.414427757263184,11.459944673232162,11.4901626580923,11.470574315506244,11.458302964223511,11.464438639864879
11.527312963847399,11.531514495619142,11.54744528776195,11.563593866596044,11.613798141479492,11.59533179212977,11.593627268159706,11.565969347140356,11.569942359064136,11.567955853102248
11.924009793698618,11.90429463322529,11.912352726947965,11.897948361593269,11.91640567779541,11.905383153411037,11.895537029067935,11.907639099076103,11.905028634892101,11.906333866984104
12.04467977481964,12.024059072430278,12.062386706391298,12.0344664521442,12.11083984375,12.098784225589881,12.106785187700096,12.064166066168845,12.057396729804736,12.06078139798679
12.026512375867574,12.02249469201507,12.04311885291986,12.035108840106375,12.054853439331055,12.05918616730102,12.054124375500846,12.038618744564184,12.03802816655696,12.038323455560572
11.851621412800407,11.849756759821236,11.842033445625638,11.818887530569707,11.853105545043945,11.860348174540137,11.887452746929888,11.852164799033037,11.842119120277815,11.847141959655428
11.662086652837768,11.667412877639997,11.684197205795158,11.683637455373326,11.778023719787598,11.772901561341929,11.784337901105582,11.715099721348855,11.711613297181122,11.71335650926499
12.62428130578908,12.601039954487614,12.617106536960636,12.594237356913295,12.548439979553223,12.530795120798668,12.552827633142146,12.584165245977072,12.580773156026156,12.582469201001615
11.965574225149496,11.966636084277305,11.953848124166981,11.921940404606412,11.919549942016602,11.909450715701146,11.907329649012214,11.936206061012406,11.934035910669053,11.93512098584073
11.860693569892998,11.881331828968982,11.83639198489005,11.868254331072563,11.83474063873291,11.85566798779601,11.843799624391446,11.85776399861178,11.861214946772535,11.859489472692157
12.16455493725206,12.096258013508725,12.039664852054665,12.095270134577037,12.056354522705078,12.043168295026256,12.047635206106511,12.092014562829885,12.081638051954329,12.086826307392107
11.63564072105886,11.627049749989292,11.627634896547107,11.652523295645299,11.543070793151855,11.578652052457159,11.586428625614511,11.608942637091964,11.609538589056134,11.60924061307405
12.126645344677433,12.111934859795328,12.136028614570844,12.122646722143603,12.137194633483887,12.124914267559125,12.135022679484225,12.126688847916895,12.124269445392365,12.12547914665463
11.723338237915712,11.722956207812773,11.695838316634273,11.822529698422272,11.676105499267578,11.674956053837539,11.695707772903694,11.728127483264407,11.742795119608736,11.73546130143657
12.035820964949352,12.036785876300797,12.050529060275935,12.028046755174115,11.975349426269531,11.987336315177654,12.016215342954458,12.018443673129651,12.014929734280216,12.016686703704934
11.926717741652325,11.921381784334148,11.92015549001373,11.91853659348133,11.941956520080566,11.963206380241731,11.929724220794597,11.927663372068594,11.926766253974389,11.927214813021493
11.863101753541244,11.853021052006152,11.868308417465201,11.855193888457546,11.832326889038086,11.84813632178253,11.848370532567657,11.850402823122138,11.847583274449267,11.848993048785701
12.055966766348458,12.048975868912915,12.056512250155741,12.025164642076856,11.986451148986816,11.996114319644215,11.990320664144026,12.021375818093816,12.019302450191486,12.020339134142652
12.094214093153358,12.086430381315237,12.091091612672436,12.0994786214451,12.092382431030273,12.10085688636203,12.086658743572478,12.091832854103291,12.092715049492671,12.092273951797981
11.682618758831925,11.628255785013001,11.712884534708174,11.768623361713752,11.74542236328125,11.731076574048902,11.72406686529854,11.709797426827695,11.716547008624392,11.713172217726044
11.646262098040985,11.672977941777878,11.688163237241078,11.68886120519645,11.702359199523926,11.702312348859968,11.717986232957136,11.685689335499276,11.689586492350344,11.68763791392481
11.667077233730414,11.691520486550255,11.733340155412764,11.711849113921984,11.775503158569336,11.77025653020234,11.782108153917594,11.725611629337918,11.727989732820387,11.726800681079151
12.22402288037366,12.22281489866135,12.234274222560304,12.216592438799577,12.226317405700684,12.226220029135344,12.226536124544506,12.223256749615956,12.221857935990476,12.222557342803217
10.854280857968304,10.948199208580466,10.959788211133688,11.01651332393677,11.00292682647705,10.967941863542242,11.057405232143314,10.975865089821182,10.99417636335024,10.985020726585711
11.844617342340616,11.837557848107402,11.81003034338844,11.826887606391882,11.739941596984863,11.751951185685217,11.763865417768553,11.802573962318665,11.801554427514885,11.802064194916776
12.525643876587127,12.525554086697394,12.537295391406865,12.5417545985008,12.592838287353516,12.608047225836852,12.613784304830505,12.559915030793869,12.555658708176253,12.557786869485062
12.760036115123006,12.758996136402804,12.77802315588896,12.802289705631228,12.851397514343262,12.799639066531444,12.777300582545326,12.790004010809126,12.801680642552498,12.795842326680813
12.079216440057536,12.086793889407856,12.085719519114397,12.103125522259948,12.095535278320312,12.107591816949576,12.107986975937964,12.094531621196722,12.096254278059451,12.095392949628089
11.950191511605865,11.915319506214976,11.90884636316924,11.93718864118921,11.902278900146484,11.940635601958949,11.92952882921337,11.926901477673983,11.920071597087073,11.92348653738053
12.268653344327298,12.243822261436442,12.264347282909187,12.267922365445397,12.278281211853027,12.293406845872568,12.261971162903105,12.264130069193055,12.263187734111261,12.263658901652157
12.235676604922455,12.237441647069504,12.246007879574401,12.234013330196134,12.21410083770752,12.235198913952482,12.23869238106754,12.231984960192632,12.229631183915671,12.230808072054153
11.355754858759006,11.369799827442906,11.372365074659188,11.325497181693942,11.38713550567627,11.369857769853809,11.421303831217173,11.37189824095786,11.362274393100865,11.367086317029363
12.508993831198925,12.506793913976118,12.477354019080218,12.471678791428229,12.478461265563965,12.455145112158952,12.488606505604634,12.490906861554375,12.48532523824812,12.488116049901247
12.140514931572685,12.121267178339899,12.138304806572682,12.130605985877944,12.148871421813965,12.148221844652777,12.160458484605,12.140343600441899,12.13473564087138,12.13753962065664
11.246485612224276,11.266188916496334,11.232137893267058,11.339761793039301,11.256231307983398,11.248983123421318,11.307031326728938,11.28313979129445,11.29147990533224,11.287309848313345
11.859042424221554,11.879653915066761,11.830282828304576,11.887853895849595,11.797174453735352,11.770539197049128,11.837609292497723,11.852266796274197,11.856443030917713,11.854354913595957
12.156764603363785,12.158625409082017,12.164840380563362,12.148218287854366,12.19063663482666,12.197463815492148,12.198279455225382,12.170504878070442,12.16647186621082,12.168488372140633
13.001519232012699,13.007499102387593,13.018547010510638,13.016280978055704,12.98774528503418,12.991895165479358,12.99913537712903,13.002435994923841,13.00442630127541,13.003431148099626
11.803596794588929,11.791416680691961,11.815140138851355,11.764305829089857,11.700301170349121,11.720329672839869,11.719114531801594,11.755747001304293,11.751601999325526,11.753674500314911
12.315292581988402,12.309258265582217,12.27783468998405,12.32846450653057,12.242554664611816,12.253685172198358,12.243981563463679,12.287910316435338,12.293056525296674,12.290483420866007
11.554516362735388,11.530087280646702,11.56340136101282,11.572273711351201,11.579170227050781,11.57070066471662,11.577844683336894,11.562778453024194,11.561704653437072,11.562241553230635
11.276162089651065,11.29410001508173,11.112356263434759,11.232657724435755,11.285170555114746,11.27529654550867,11.27974494757654,11.273567066371967,11.269197505289066,11.271382285830516
11.598696760626316,11.592445085456216,11.606414243468437,11.649354564490332,11.551019668579102,11.560271327684024,11.579003072049794,11.594103830240353,11.59971372752971,11.596908778885032
11.784271607049993,11.787520093124865,11.75883905837414,11.740562108791996,11.784461975097656,11.779564762614255,11.802959269471836,11.77995501070727,11.7711132717422,11.775534141224735
11.741236520079573,11.753823593685729,11.733259444480765,11.727535305610239,11.754673957824707,11.753125885001591,11.783712926059316,11.752196460651913,11.74661665145479,11.749406556053351
11.907382313929292,11.901503982066,11.922790962401534,11.968658131754797,11.877859115600586,11.878002916978627,11.917681211929445,11.914616951056024,11.919184474737122,11.916900712896574
11.072337306013011,11.097341607636707,11.087196247368432,11.135896071658028,11.311182975769043,11.29932919750846,11.23675348298697,11.170702288812752,11.180235185173148,11.17546873699295
12.259888459915516,12.259789070923972,12.249918127466678,12.267440482661696,12.258886337280273,12.266807353157652,12.250413545624237,12.25928357928114,12.261659488995862,12.260471534138503
12.419586357011708,12.43177736747816,12.424723664272012,12.425711999606737,12.377476692199707,12.387293106090933,12.40575349402572,12.412061182064408,12.412581045482977,12.412321113773693
12.201762329994404,12.196113104246155,12.137833239760955,12.082479482629466,12.147891998291016,12.14596570701146,12.134522569323249,12.152553896896858,12.138925879384107,12.145739888140483
11.527565795983362,11.530452642725178,11.553561519937439,11.588600817724451,11.607484817504883,11.56793119181341,11.526568566682462,11.556134528124069,11.572635726605554,11.564385127364812
12.437992271331485,12.418639912639247,12.390557480554122,12.358588376594096,12.426070213317871,12.446793236507636,12.440470950155795,12.4163523448077,12.401028114295247,12.408690229551475
12.062260340154003,12.05673834797634,12.072093959317048,12.071800230060624,12.058086395263672,12.061662281879745,12.063672055628455,12.06251147381662,12.062802097756189,12.062656785786405
11.884762000698114,11.890970799796278,11.876587949561994,11.924058178472956,11.892717361450195,11.917983322808551,11.879257145602322,11.894353097203973,11.902365519034085,11.89835930811903
11.651651681893272,11.649972425614989,11.61662539760438,11.615343033370294,11.621347427368164,11.661578963786631,11.607425075777675,11.62914792880488,11.627163413612346,11.628155671208614
11.969521170915122,11.989615420962908,11.975363277121772,11.98885144046691,12.042498588562012,12.032512248294585,12.01321987197247,12.000741298575884,12.005873865951534,12.003307582263709
12.549502732246298,12.537232194798456,12.50869525519559,12.583961590978355,12.553455352783203,12.572643816083477,12.52071900872386,12.548974175906036,12.557266011012628,12.55312009345933
12.666508677778806,12.659016224475533,12.650173342210362,12.648583048417134,12.577689170837402,12.580499118802258,12.621124768181295,12.634584377938035,12.629856962989624,12.63222067046383
11.57283218896698,11.539338625063603,11.5564936428852,11.53726878979533,11.472699165344238,11.430678404317707,11.507516154038639,11.525930984641759,11.51766785256082,11.52179941860129
11.853326230014973,11.885304276626085,11.85440423592953,11.835133381453623,11.902470588684082,11.880553674464336,11.869124247556393,11.869071744867032,11.8717125806424,11.870392162754715
12.43536699229263,12.423869311838557,12.431616263441706,12.395274757572196,12.416413307189941,12.416881544954606,12.38039766254726,12.410264406288118,12.409180248491783,12.40972232738995
11.566638840898408,11.571576483464705,11.534618898005654,11.569974870990967,11.559867858886719,11.556541454744417,11.56498748329805,11.56660910750777,11.567277193317729,11.56694315041275
12.42031686556075,12.430801872270056,12.396215285089056,12.37756316208617,12.37319564819336,12.380038302823792,12.402023426370718,12.40078019489621,12.393986994011367,12.397383594453789
12.186983760930508,12.19322223000941,12.186055304819936,12.131556358362019,12.16631031036377,12.172337419073898,12.16084250978666,12.167783033890473,12.162036463203602,12.16490974854704
11.953989057068233,11.954866782468583,11.946093594913862,11.997285420695437,11.97878360748291,11.964416532384808,11.922436348054088,11.96147224315385,11.974662783492562,11.968067513323206
12.383429757970484,12.425101848021269,12.343528270144498,12.406081379889605,12.414605140686035,12.429017288910808,12.308939903521015,12.387631606017683,12.408635924806086,12.398133765411885
11.528897957236818,11.511638430589088,11.535515553002426,11.544184914249849,11.508855819702148,11.528521064880517,11.524885867823402,11.523692597920261,11.523008708462962,11.523350653191613
11.850432391942137,11.849131332365086,11.850550666993136,11.870108920413669,11.837555885314941,11.841436814128071,11.843093581480545,11.850064422303277,11.852805182285593,11.851434802294436
12.18094159206526,12.21008974929311,12.123751830640177,12.094243082003864,12.155381202697754,12.099853858775289,12.227839582770962,12.17369904176619,12.154916756898668,12.16430789933243
12.311229586751452,12.301001788319079,12.281261610475234,12.257191515623118,12.226847648620605,12.273675354208045,12.26225285289987,12.271704678442825,12.262164338325146,12.266934508383986
11.604485022454787,11.616201286198185,11.597387597295253,11.615452943719378,11.667566299438477,11.670146092063371,11.704580519810499,11.641657214324265,11.635823967252556,11.63874059078841
12.648228898393882,12.650932114872953,12.663590109425538,12.651594567376007,12.662775039672852,12.651415210140025,12.676896607208347,12.65808544550481,12.656075871008797,12.657080658256804
11.86199713726555,11.85421638134282,11.873355015178447,11.863014563184153,11.872274398803711,11.887453259897187,11.878022776113681,11.865905051341985,11.863860989427675,11.86488302038483
11.835064808504976,11.824069609217283,11.824812893598573,11.841197301984323,11.839881896972656,11.852829936944905,11.874610080591168,11.842964739454082,11.837552131348275,11.840258435401179
12.431566184520191,12.427787152197999,12.43775670365098,12.423884803730294,12.38427448272705,12.348944033897006,12.399176544824986,12.413337833600105,12.412285615864011,12.412811724732059
11.684104077118823,11.682115696244304,11.67445406272346,11.686132831104635,11.679719924926758,11.6797393477491,11.637335220513066,11.673881549981516,11.680213105946738,11.677047327964129
12.177469143501721,12.194406844961662,12.183271743183825,12.15437700804786,12.177358627319336,12.207039207204659,12.188725744306561,12.178467473627428,12.175181817784003,12.176824645705716
12.143834898851692,12.145003587925636,12.146259500776758,12.114366746204336,12.127657890319824,12.153536970815157,12.139804835177337,12.134133591695766,12.129009172057483,12.131571381876626
11.44721196109206,11.45190202206561,11.480447862402901,11.53979554643077,11.516246795654297,11.509236565957936,11.465302179965045,11.484091701041557,11.50187509482562,11.492983397933589
11.529719390193819,11.532927049576362,11.385568322947051,11.395175173806301,11.617121696472168,11.559541264384187,11.549077257790598,11.524804113567852,11.509769434627309,11.517286774097581
11.68997673426805,11.673051083876548,11.67998048124148,11.703226792713016,11.75809097290039,11.791885014994264,11.731241416722726,11.711117400096146,11.711372219343193,11.711244809719672
12.077563681755338,12.078949199719446,12.091119041765772,12.077619759301925,12.086305618286133,12.092734199970458,12.078504020165829,12.079788455845733,12.080564384775636,12.080176420310686
11.355919714940159,11.355419638882625,11.420509127653041,11.382376014205258,11.349885940551758,11.35375353796502,11.335885680001761,11.355897397716312,11.36212576310139,11.35901158040885
12.314977185393188,12.26801048760935,12.28964909180053,12.285365637248567,12.196203231811523,12.205457611380911,12.23364583533898,12.259640475480321,12.251509744661819,12.25557511007107
11.607211938052904,11.623362732120993,11.649736581281648,11.599791201705399,11.565567970275879,11.59109542050623,11.58279634948763,11.59574603832856,11.596187024186328,11.595966531257446
11.706795285671735,11.663653374000795,11.681435269817243,11.653211959572713,11.692071914672852,11.682327201338003,11.690376111839948,11.68122172915161,11.669701724124714,11.675461726638163
11.505562206262157,11.516826944359062,11.52321782537946,11.4872744780073,11.507314682006836,11.527277697897432,11.622650802342923,11.527925822595655,11.509957190995056,11.518941506795358
11.800694439754045,11.790510127668188,11.78576575087223,11.824378332069653,11.767413139343262,11.75474510958124,11.738955278504664,11.784390263467962,11.792730739175088,11.788560501321527
13.111689783867735,13.128066128721706,13.093599589425434,13.048114775181109,13.132356643676758,13.160471316275373,13.065983253262388,13.09724211694194,13.097675926624454,13.097459021783198
11.573897705033586,11.555990519259735,11.518287215022772,11.579911308393184,11.764849662780762,11.741949014010135,11.718522565905909,11.638634352274636,11.633689635517387,11.636161993896012
11.940671490848512,11.963874169409928,11.94110844892149,11.915821160239066,11.903614044189453,11.900551328448186,11.879394486253894,11.920675070188171,11.924852213850464,11.922763642019317
12.19320422016675,12.187175867274446,12.14031066398502,12.160196484454255,12.168855667114258,12.167261641261081,12.144141093534168,12.170714666508776,12.169966662441595,12.170340664475187
12.28279586713773,12.291415021349426,12.291246620896718,12.265329723661223,12.318452835083008,12.316858782104465,12.308905698840123,12.293379829214304,12.291051961579452,12.292215895396879
11.911899469993466,11.923408949288852,11.89510572385397,11.917962232199848,11.95217514038086,11.916247472237517,11.876899595781486,11.916469077528903,11.92701620163322,11.921742639581064
12.238426274214875,12.242071472258448,12.239555097815753,12.213521905534947,12.239645957946777,12.295076229217715,12.24372999407841,12.23547912080669,12.231481691602482,12.233480406204588
12.228112988214367,12.233725829760726,12.237844645961054,12.190694383996087,12.207671165466309,12.219960818674295,12.223742816489624,12.216789436785424,12.210619242798112,12.213704339791768
11.700782979201131,11.727346420937383,11.709561665303047,11.757856470923212,11.715843200683594,11.679064324748202,11.725890611004502,11.725543936549965,11.734645653824213,11.730094795187089
11.69253691131498,11.685895357719012,11.676285762635384,11.694083926030935,11.605521202087402,11.57519617508614,11.624470395796497,11.660501558589765,11.662148349860285,11.661324954225025
11.566584938649427,11.575034240132197,11.572231283727291,11.582024074303332,11.54136848449707,11.566480910518743,11.567450615924393,11.566492470701284,11.567396131769488,11.566944301235388
12.458171833750278,12.416469265010209,12.372322959798375,12.448888292883526,12.341657638549805,12.330079804549907,12.351992974551104,12.403436000948986,12.40261708710924,12.403026544029114
12.218678499773198,12.20701789495805,12.21988613903405,12.203606482145801,12.202652931213379,12.218821653339166,12.196754876705635,12.205742136959213,12.203972915619865,12.204857526289539
12.19352613308525,12.197177342110813,12.204838985164585,12.222644381507177,12.259917259216309,12.284101450360994,12.254571420914456,12.225567307366802,12.227418061322634,12.226492684344718
11.963658355613079,11.985030288952558,11.963603525249003,11.949015115706523,11.938273429870605,11.959742492977531,11.97005821030251,11.961207080089055,11.958159000348122,11.95968304021859
11.973780003950719,11.981101330268514,11.993689883133182,11.994861406395307,11.968158721923828,11.990412628783794,11.998853693889705,11.983351031285615,11.983250808933366,11.983300920109492
11.376043020669472,11.391646348038464,11.38954750336,11.453414304818327,11.343541145324707,11.34571141668906,11.386930700411883,11.39031510385257,11.399213709292827,11.394764406572698
12.288454897011727,12.288815691082808,12.208470442271768,12.279093641263133,12.200859069824219,12.201377407722369,12.198887505923274,12.251222161021033,12.25495940153695,12.253090781278994
11.935275470366681,11.922904440771134,11.926972183937643,11.923559536009833,11.96859359741211,11.986740137185844,11.955279650575019,11.941122539026955,11.93811316219918,11.939617850613068
11.678976926731098,11.711784137134828,11.689692849970127,11.721560128780764,11.513854026794434,11.547130324977296,11.612061850325434,11.647647413953312,11.65268691398524,11.650167163969279
12.409169164088341,12.420110362995379,12.379651797593233,12.412576933501475,12.422333717346191,12.436649752304168,12.435294443407088,12.419896924267697,12.41899958207979,12.419448253173744
12.006198365091432,11.962654612088016,11.990792178540849,11.984187181068382,11.907578468322754,11.90799478531977,11.936213965378197,11.959366518389757,11.952871099196347,11.956118808793054
11.713547181221017,11.700683319497388,11.718469498821827,11.697209148554695,11.732224464416504,11.739619437279352,11.728510969684368,11.714435016674795,11.710129092505397,11.712282054590098
12.14328629697667,12.1115356374846,12.105579906984117,12.143278461312152,12.111333847045898,12.123095558663477,12.091910747264949,12.120268998016854,12.121438521710768,12.120853759863813
11.680179422313222,11.668319140329189,11.66574392642304,11.653157230807688,11.770769119262695,11.761078187790469,11.74408723752466,11.70330243004749,11.696787039274913,11.700044734661201
12.047593922822157,12.055768119316914,12.063039063515745,12.049577261030215,12.089320182800293,12.098487624315455,12.06650950872094,12.061753798938105,12.063838245355225,12.062796022146665
11.96817793166918,11.99736547655764,11.977673821779197,12.01014195283808,11.961705207824707,11.955617479993524,12.024998393192202,11.992477792416361,11.99324398623229,11.992860889324326
11.990358512190236,11.974141061872913,11.95638104692523,11.958994936269841,11.92709732055664,11.936501661401149,11.91491313046883,11.953100992271693,11.951899971521444,11.952500481896568
12.477483552881322,12.464305581378174,12.447509931849897,12.426028430526157,12.44051742553711,12.440401381086822,12.44110463649583,12.449887925363718,12.442737927552368,12.446312926458043
12.122917339986358,12.132840631244694,12.11959732955183,12.117026262653411,12.111371994018555,12.104171704938441,12.09201294728234,12.115233835037072,12.118766861760125,12.117000348398598
12.383800187710765,12.371917150507006,12.37734250993463,12.393716109958659,12.3587646484375,12.355563065076963,12.35865922097852,12.373371463518492,12.375004034431054,12.374187748974773
12.178604525972483,12.167600746175932,12.165292118325752,12.228794336900588,12.176164627075195,12.160791312765177,12.18043018742057,12.186318884708955,12.192222177528663,12.18927053111881
11.788111936489102,11.804643216214776,11.789879854507625,11.82091540870911,11.838445663452148,11.81641211094887,11.817563236153024,11.813935892203634,11.820774699333668,11.817355295768651
12.777227791904481,12.775202314540106,12.802565467706415,12.805728422407745,12.828733444213867,12.833366609025811,12.805355095455203,12.798449413704281,12.802981337888419,12.80071537579635
12.43581474220711,12.42890018917184,12.418593977486314,12.446077704213312,12.460739135742188,12.45792468913893,12.425172537504245,12.439340861767741,12.443811312309487,12.441576087038614
11.834373120338222,11.827355601055707,11.832678352007044,11.873808468539847,11.84326457977295,11.84595479007947,11.82040459608909,11.839841273159164,11.847762668296207,11.843801970727686
12.287313555672743,12.280047470844412,12.270127300647811,12.275692453670255,12.243557929992676,12.252796455437007,12.22699845301881,12.26272197263978,12.26496740048933,12.263844686564557
12.86290619334924,12.851119108973673,12.875308190677869,12.839732257504007,12.935162544250488,12.926834025283977,12.931167821525676,12.884017585120617,12.875888129996172,12.879952857558397
12.553269293073097,12.56380194689422,12.558637996914044,12.590449578321827,12.622123718261719,12.628765090757124,12.610861005976922,12.588101108505558,12.592585442711536,12.590343275608546
11.690527941660124,11.635432872654505,11.6366433562002,11.719665433796084,11.574708938598633,11.656011924601893,11.626479710228177,11.649362979387504,11.647001217688096,11.648182098537802
12.781994019257828,12.783646712709213,12.777732819449486,12.749955402045197,12.781904220581055,12.78833755651306,12.81486769936746,12.78247361079215,12.773184217950577,12.777828914371366
12.76030774787162,12.749964078221526,12.769833218928223,12.76492620325728,12.743067741394043,12.744963875692696,12.753194831869454,12.754292120522784,12.753415215833366,12.753853668178076
12.006580835309292,11.953935967687327,12.040996786878004,11.985135208868368,12.089696884155273,12.065487582940115,12.077070119999973,12.022483803204047,12.010943049541336,12.016713426372693
11.951741372744072,11.94476528166264,11.924292185897254,11.938630448682932,11.949830055236816,11.971778953277122,11.962808225055683,11.94955507667643,11.94512509700939,11.94734008684291
11.813804504854259,11.806291683418461,11.821775478509387,11.844503040895065,11.828946113586426,11.819671066435008,11.826348185281978,11.823978705607239,11.827327507008123,11.82565310630768
11.902004231418713,11.877258952838046,11.910741763442454,11.902551492526444,11.86110782623291,11.855690540904614,11.893578731797279,11.88730024696268,11.88244211408422,11.88487118052345
11.960431634225307,11.948219367173563,11.944520491288035,11.93980413297485,11.872976303100586,11.865188788777457,11.88528022957914,11.921342333410688,11.920041674874323,11.920692004142506
12.147997053435132,12.150557913769571,12.130328081178106,12.118348915050838,12.074437141418457,12.07179450514372,12.075439915617281,12.113356187858257,12.113087818372794,12.113222003115526
11.769308086405056,11.762986128366766,11.73608836630674,11.731696445910119,11.553017616271973,11.525753344496692,11.655757858255754,11.694553227041933,11.685629056972704,11.69009114200732
11.437889100312079,11.438279513403485,11.454205928553232,11.418386632635261,11.457059860229492,11.41882381765368,11.473902965368806,11.445103614389826,11.438781152474736,11.44194238343228
11.60078027427722,11.611862497139198,11.6050651544146,11.57153165296781,11.524295806884766,11.516920609403115,11.523110945019644,11.566316235257727,11.56747369780097,11.56689496652935
11.802609992422411,11.80683342476352,11.83702350529808,11.839916868776948,11.861590385437012,11.874086892141108,11.888718960530008,11.839933926385982,11.838888238929531,11.839411082657756
12.127779755635755,12.128469460641618,12.081735606466271,12.04698706858878,12.060643196105957,12.049832160740625,12.033591380961205,12.079494172386664,12.07497162930558,12.077232900846123
11.986537727171438,11.977103644554083,11.94394505016566,11.974119852979555,11.888411521911621,11.882940944551663,11.899085598581278,11.945051669039596,11.946092639758213,11.945572154398905
11.41788038848582,11.438842442583084,11.43542558303955,11.460499695952834,11.456796646118164,11.44187557655265,11.488743661303129,11.452552566888606,11.454486225737568,11.453519396313087
11.100007858399179,11.0286873149943,11.130278304731021,11.264829393064195,10.940210342407227,11.116955817579818,11.054320766545267,11.077611135082034,11.087502262649046,11.082556698865542
12.956814822216558,12.964936864870102,12.962248484511964,12.92874834022732,12.868572235107422,12.894479252025556,12.906815071416839,12.92517746676765,12.921272340708246,12.923224903737948
12.052830773488399,12.059774042974281,12.032603043255001,12.044201202631722,12.05997371673584,12.079901525350543,12.095253746375073,12.062406696441064,12.056458574558826,12.059432635499945
11.741358869365575,11.729386915751542,11.753412538594965,11.792174482764494,11.763330459594727,11.75659185332719,11.748060857646424,11.754862317024553,11.762176158953599,11.758519237989077
11.682642067001739,11.690830648748257,11.740225130682905,11.730352039479486,11.751677513122559,11.729726622303618,11.76160434491291,11.723421322652989,11.726231871645536,11.724826597149265
11.610633495823233,11.596033600956211,11.593106366136837,11.621132764534156,11.62928295135498,11.639402010821023,11.59417782306664,11.610252127147044,11.614230805060878,11.612241466103963
12.264358577272727,12.26512280055736,12.255259100491768,12.26934926071904,12.268034934997559,12.278420001949447,12.245029047016464,12.262378924112632,12.266259192530903,12.264319058321767
11.89583871566838,11.890731796217862,11.854933769124177,11.91362028302787,11.815390586853027,11.848724150444273,11.82035146216723,11.867186568786874,11.873046512444368,11.870116540615621
12.60508837168822,12.598390304102,12.526967713485234,12.592991860406013,12.499849319458008,12.535834374864072,12.512014212816661,12.561666813694181,12.563224397965147,12.562445605829666
11.798840884926953,11.79235259736187,11.80230087012011,11.806681086319715,11.895259857177734,11.890934358012528,11.86908023495175,11.832442932147604,11.831329276203512,11.83188610417556
11.68371548176752,11.721872355354321,11.646949734946187,11.671828325309807,11.733735084533691,11.697131424954174,11.72309602019716,11.7068494534325,11.707825581852614,11.707337517642559
12.31031192939425,12.308968370091442,12.299210575439147,12.309546683789979,12.301898002624512,12.289867958888363,12.336081799974684,12.313361357174973,12.308734013615897,12.311047685395437
12.099642086843698,12.093165766129358,12.081938543020222,12.085350933502154,12.111163139343262,12.120626074840013,12.119405895404633,12.10174556424462,12.097120983470017,12.099433273857318
11.964992673561145,12.001531978496033,11.97597831972717,11.97274028154067,12.001900672912598,11.969070579476282,11.97116365219355,11.982465851740798,11.989781959744228,11.986123905742513
11.886012466012117,11.873050389909825,11.888945579525135,11.887146079432588,11.884417533874512,11.88554398865384,11.863329575418165,11.878791208929442,11.880669647102584,11.879730428016014
11.987770343144,12.009663512555411,11.98779137478467,12.011788662449717,11.945184707641602,11.97472483032771,11.941984495114632,11.979278344181072,11.987979785830962,11.983629065006017
12.201087021332496,12.212920273005777,12.180384090598295,12.19328173130857,12.180373191833496,12.183504513745127,12.190083455144526,12.195549134524974,12.195389278963422,12.1954692067442
11.625939634565327,11.6205504830922,11.644620789176527,11.645470586532026,11.734109878540039,11.728199199881306,11.718906704859934,11.668995457517905,11.66755120423659,11.668273330877248
11.867651177562344,11.855681205258465,11.863764253183973,11.869761668082365,11.861292839050293,11.847722869014836,11.84438910991667,11.859755199974028,11.861554982189972,11.860655091082
11.34416314960821,11.33517282164459,11.383776121778425,11.46968905985903,11.396687507629395,11.359620442196206,11.439365763446169,11.397015660437479,11.405970654725728,11.401493157581605
12.917505816940913,12.931087957522745,12.929972908926434,12.959541618161307,12.966588973999023,12.977342976671887,12.942675464419125,12.943479966208624,12.951891313601129,12.947685639904877
12.054744545211133,12.059207942217846,12.074364524199822,12.110633657207515,12.03530502319336,11.998187842771857,12.029543721382256,12.057886977842422,12.06862491029553,12.063255944068976
12.44608254602613,12.444687898063611,12.456151477745962,12.490887021771885,12.51170825958252,12.500609942912336,12.491604995307977,12.476994144150426,12.482797003179567,12.479895573664997
12.241886764911735,12.214000033487322,12.206209251515233,12.238764721000482,12.157719612121582,12.1717387362993,12.1486431497773,12.200202856259684,12.202723802633828,12.201463329446756
12.465704943015288,12.421756086614687,12.415782327632893,12.501279230808521,12.360381126403809,12.39643788904456,12.399735866169681,12.429771450602399,12.430724445424014,12.430247948013207
11.47173846657839,11.454269148609287,11.442771341209319,11.541828236997759,11.422554969787598,11.320384979609667,11.381558748049715,11.45438991400455,11.471575015648712,11.462982464826633
11.944605615253346,11.933331047439992,11.930639088826378,11.91588540298064,11.929967880249023,11.916815921379742,11.903259258268532,11.925409840838308,11.92450086943273,11.92495535513552
12.02397458485711,12.01368089481482,11.9867998922966,11.94159922029824,11.92644214630127,11.91809236579196,11.938534834162764,11.968846336086841,11.959070010746974,11.96395817341691
12.606730327181983,12.602170677190811,12.596883716406115,12.615321044061288,12.581055641174316,12.597517706589507,12.600280803678842,12.601111698657448,12.600616190987292,12.600863944822372
12.160678613129894,12.139626883904205,12.145478052900323,12.15152709700865,12.145442962646484,12.12774636356831,12.112393216689325,12.141933754675712,12.143862508959526,12.14289813181762
11.790232280182192,11.764711575378895,11.795757984540263,11.863366072871067,11.774606704711914,11.771383329490906,11.804581773357437,11.7994996813003,11.804409162069348,11.801954421684826
12.975967558787872,12.971878959206128,13.05264413711467,13.001166287816712,12.977203369140625,13.04693202430566,13.050465325924947,12.995336300175259,12.988256569384273,12.991796434779767
11.334455094345582,11.345298179921773,11.283900457310118,11.318107430172752,11.257343292236328,11.24231326191357,11.344729952625864,11.31998678986046,11.310561654672416,11.315274222266439
12.285634486975296,12.297211575375291,12.27422562640158,12.248835017565112,12.372602462768555,12.441301352577801,12.401586177053954,12.321173943947642,12.307981114033232,12.314577528990439
12.109207666539502,12.11213259377159,12.102467799401412,12.086262037449018,12.083047866821289,12.082497483203232,12.072168604460709,12.092563753808422,12.092408820851087,12.092486287329756
11.887741725704824,11.904436323707055,11.876286708505262,11.86851266205811,11.874016761779785,11.856217818841388,11.848605578703154,11.876662610390587,11.879882497655444,11.878272554023017
11.449627213596663,11.438701172443952,11.45262370110503,11.459453164542694,11.496006965637207,11.562880863048672,11.586994515737889,11.486156606391681,11.471058987902572,11.478607797147127
10.591439406401115,10.610044525529446,10.496786773900908,10.613300862124358,10.961291313171387,10.973945459395999,10.943428050032761,10.743900831451814,10.7312905765489,10.737595704000357
12.14013964123788,12.150736804529206,12.155659503409574,12.124334189267847,12.112414360046387,12.124722139128556,12.1434547924625,12.134215957508765,12.130095527831907,12.132155742670337
11.780490185693832,11.790465403958173,11.833932176102117,11.796020638118167,11.819148063659668,11.81515549981266,11.8398748031102,11.805199818908008,11.8035168442259,11.804358331566956
12.215929295691657,12.232564806083047,12.218753295449975,12.187044605775904,12.198766708374023,12.212484255337776,12.20145265755341,12.20715161469561,12.205132354542354,12.206141984618982
11.650967257698964,11.666556384046476,11.644236499011603,11.715781734483452,11.703664779663086,11.68968516228668,11.702045552198612,11.687803141618119,11.69648990218185,11.692146521899986
11.838615011830107,11.838440927619448,11.844213861071808,11.868454350873353,11.835390090942383,11.854240036911108,11.825167787190198,11.8412136336911,11.847294664180193,11.844254148935647
12.403754798128553,12.406686548285565,12.399284959966671,12.389013682755973,12.432997703552246,12.421225928146926,12.438572708422466,12.414205088228961,12.409902819028552,12.412053953628757
12.716768825771577,12.706788432452687,12.738930176909621,12.731064486065133,12.813350677490234,12.772722906597307,12.805920140893123,12.754778512534552,12.75160547009445,12.753191991314502
12.465020410099703,12.480830218493386,12.44651548884973,12.427443434588794,12.446160316467285,12.459706045378878,12.432886520634195,12.450468180056673,12.449409085863618,12.449938632960148
12.12506433482828,12.112723416055488,12.156895945998176,12.100052578443664,12.264345169067383,12.238174636372866,12.25994626412203,12.17242635250337,12.160328569746428,12.166377461124899
11.773252200777451,11.73084958678303,11.788592720810541,11.775829552767394,11.896663665771484,11.900014217950767,11.858854761141483,11.807089953448168,11.801571119906953,11.804330536677561
12.303951152846139,12.31596415647673,12.288707063998295,12.259797819372212,12.203648567199707,12.230731407314465,12.251884254916657,12.26704919016229,12.260390798304273,12.263719994233282
12.343663303827748,12.347682999200932,12.351321994653283,12.355559232108323,12.335747718811035,12.321793178589814,12.298102830023613,12.336151216794331,12.344118298216328,12.34013475750533
12.140731232345768,12.121059332063943,12.07893398996977,12.139166472843067,11.999909400939941,12.02273417939267,12.008671825830081,12.08190765280456,12.086122810638805,12.084015231721683
11.762247525416859,11.765464129475946,11.76786848102902,11.759529936478328,11.778828620910645,11.772734681685572,11.75548404920847,11.764310852298049,11.76662969817854,11.765470275238297
11.67345076062421,11.6488590191761,11.643270878647144,11.647171365786381,11.7327880859375,11.701966642911598,11.71260486996302,11.682974820297442,11.67603524190315,11.679505031100298
12.324759340164901,12.322611539710815,12.33282731434691,12.342046392957371,12.347980499267578,12.344396392547182,12.332357221233194,12.333950998666772,12.337249063847679,12.335600031257226
11.819628579963616,11.79859259283418,11.810543809737386,11.862563293209476,11.866491317749023,11.833173055451546,11.81077069014404,11.831609294780067,11.841138806266727,11.836374050523396
11.640452812938554,11.650692157279634,11.618785454865488,11.650766540291132,11.632097244262695,11.64662324242514,11.651057787259662,11.645013308406336,11.64541482344186,11.645214065924097
12.516643228442337,12.500447572360095,12.50024940586664,12.497922319707081,12.47627067565918,12.465852978330618,12.465834603740598,12.49142367998186,12.490613425902975,12.491018552942418
11.567379318542745,11.556031460362512,11.56408224423014,11.572388147471141,11.614259719848633,11.620011569100035,11.590565587451003,11.580124846735208,11.580452832697752,11.58028883971648
12.528520133871107,12.528584187719774,12.511084345650007,12.54677246348081,12.452430725097656,12.451816982323416,12.469486601551969,12.505158822344264,12.509682003219272,12.50742041278177
11.645094086200995,11.629636484005504,11.643327691826428,11.683864599133639,11.663053512573242,11.685649484506646,11.657403025845257,11.655810341551728,11.659811650504587,11.657810996028157
11.88483816099853,11.885386319350784,11.894346238374526,11.882855782296271,11.932380676269531,11.92550758463488,11.891847569265709,11.895461701636165,11.898336186854117,11.896898944245143
11.431028107870954,11.350993857726172,11.575160081310507,11.642820640470402,11.458562850952148,11.68599977422175,11.397728938440842,11.456226879092105,11.486673362429771,11.471450120760938
12.19580595280618,12.215746292616204,12.182200726839191,12.180865762596103,12.20401668548584,12.176789349232063,12.230855825627938,12.205458103826455,12.201064134536672,12.203261119181562
12.114780307895288,12.134822452794882,12.13509732880999,12.104876061430875,12.149446487426758,12.15959650355598,12.144645113087329,12.129714084527027,12.129104166634614,12.129409125580821
12.02170568085524,11.989233275475284,12.005527531446958,12.038471250154755,11.985261917114258,11.991583780880042,11.974899990579555,12.001914422835819,12.004489920610458,12.003202171723139
11.996741288556562,11.99475257109614,12.004443808781554,11.988547463176698,11.937660217285156,11.956809101135955,11.978319673197538,11.97920424266242,11.975269613587962,11.97723692812519
11.66636375794131,11.671305770380732,11.73649513660688,11.76981012341896,11.615463256835938,11.645609039863533,11.637607425081992,11.672110066731786,11.687817883863461,11.679963975297625
12.059667521746006,12.073481226203564,12.09317774918495,12.065726937971728,11.97693157196045,12.000540882883918,12.00999387981258,12.037160227538866,12.039401471336799,12.038280849437834
12.491953108525527,12.483026911667826,12.483095049720339,12.48816733033996,12.523030281066895,12.509091936148218,12.510291774089147,12.499293881137872,12.497878047690872,12.498585964414374
11.732408504702239,11.720037456731971,11.714897452215787,11.685484416781854,11.714085578918457,11.673902246755173,11.669079937902184,11.704219179007342,11.703255234921787,11.703737206964565
12.742007031116097,12.72900661466328,12.715188895148192,12.7110295025884,12.695956230163574,12.695074469245863,12.67198042654838,12.709995961015947,12.709910716471285,12.709953338743615
12.243991840081687,12.255852982275927,12.235438442121994,12.2391125207923,12.221894264221191,12.215708286948784,12.238044888125229,12.239779299099268,12.239226588628465,12.239502943863869
12.55224030162372,12.555821964213589,12.616050743367534,12.622626229469763,12.493184089660645,12.52926309837488,12.539497541379244,12.552674025269392,12.560310642220387,12.556492333744892
11.848667634928173,11.827672495023998,11.822025773791864,11.818985546431552,11.836736679077148,11.830828160155312,11.823719425321235,11.831156356156423,11.826996145068414,11.82907625061242
11.900871490657526,11.917296114121912,11.884928536027024,11.838594672181648,11.859224319458008,11.85276101659306,11.854164000260774,11.874030119335973,11.869424058262137,11.871727088799057
11.608029333138498,11.628062657504692,11.650438667766615,11.624199217786803,11.687626838684082,11.684089549549336,11.696714957437202,11.648926600910254,11.647787646310041,11.64835712361015
12.310445387623421,12.296332742398768,12.300619682340525,12.285486121324375,12.313909530639648,12.312864810726747,12.340802825937983,12.309395321584839,12.30017402283576,12.3047846722103
12.042942163717365,12.045385563633017,12.014556678689383,12.00585055940674,12.020853042602539,12.029821466179891,12.012099595015822,12.025426184875098,12.022573883627867,12.024000034251483
11.707523114040248,11.72851658537314,11.714983547693372,11.77689980907308,11.744874954223633,11.729836886095626,11.719493998493448,11.735461692240708,11.749606642269814,11.742534167255261
11.656721787055062,11.666837830067037,11.672544357152749,11.656126281551098,11.682965278625488,11.646794125141101,11.634670264757597,11.659464288411257,11.665823119166472,11.662643703788866
11.827761973912144,11.828722520334631,11.87188975534744,11.849973446088967,11.934419631958008,11.93135882797782,11.971811412483024,11.882537796955354,11.874807352695843,11.8786725748256
11.987723450779637,11.968325377531361,11.985616002782503,12.057477707816728,11.918783187866211,11.906200565834228,11.910843891643696,11.968630723127527,11.981975578475705,11.975303150801615
11.937493406114791,11.96431921791622,11.957135727051067,11.988855823853264,11.94018840789795,11.922342051472734,11.957429051766855,11.957657181509816,11.965593488662012,11.961625335085914
11.782454558497577,11.776734399629472,11.748197253025282,11.790182126907748,11.746491432189941,11.728873990759654,11.704410193808924,11.760054542206733,11.768545199008972,11.764299870607854
12.081505988989534,12.095762501620523,12.085178221809203,12.063466806666584,12.089308738708496,12.100540874852044,12.071851518038315,12.08037911080469,12.08121059659181,12.08079485369825
12.726104164175478,12.70978127825717,12.793478114204923,12.816032753753078,12.7462739944458,12.722279658697644,12.781978205316186,12.756034079189543,12.76164740423448,12.758840741712012
11.583137541189593,11.639896062280961,11.640363826031937,11.641642938144823,11.6983642578125,11.691210810526554,11.677041762270854,11.648016512339748,11.659425653227352,11.653721082783552
12.595785906890304,12.594122974070372,12.490394754151692,12.48872176739895,12.726601600646973,12.784860667653307,12.682691119017285,12.617584673604778,12.6003556552797,12.608970164442239
11.822188799446568,11.830408709846779,11.788996562861698,11.801851334695957,11.86987590789795,11.785152080412029,11.809567272088042,11.82677840479506,11.830494764797102,11.828636584796081
12.723305017848533,12.73551080874464,12.773907044407398,12.763150680436208,12.844075202941895,12.845279088406711,12.832303584213461,12.779669058836948,12.78194153362885,12.7808052962329
11.670637801232973,11.683354689341341,11.634652872673612,11.669164612716981,11.705062866210938,11.705707136073201,11.71626954533933,11.688897902968314,11.686532086749775,11.687714994859045
11.750252609363441,11.748491851114034,11.757440227217025,11.8168174779854,11.78740406036377,11.781399646942429,11.754696075353063,11.771532414835942,11.783911945054262,11.777722179945103
12.495449972148887,12.47765006577522,12.437525479754589,12.462998643427204,12.349957466125488,12.31243591064564,12.312199148659378,12.419651059227236,12.426266882141032,12.422958970684135
11.514849167288416,11.523782065323616,11.486212360964075,11.549651407322955,11.545967102050781,11.521757809919142,11.538481241078916,11.534546196612936,11.540050020845975,11.537298108729455
12.143685553507668,12.152165199310467,12.147148329326349,12.161632924458157,12.17265510559082,12.172698594687407,12.184089518163422,12.162845660206107,12.163215956986196,12.163030808596151
12.981061025747158,12.966112607752413,12.949057213789974,12.93299943164118,13.024042129516602,13.00317104425886,12.988057477201524,12.978454534371776,12.972396699970984,12.97542561717138
11.859263937354736,11.84518248717411,11.890922010988854,11.905492060509648,11.841052055358887,11.833394021691518,11.82556067407925,11.855310242895328,11.863958920552466,11.859634581723897
11.860235455206475,11.853471045267788,11.875309443648334,11.87361833861915,11.866000175476074,11.87817991622274,11.875988934291069,11.865862789772113,11.865429147046932,11.86564596840952
11.654304446109819,11.639323516921607,11.677523881517624,11.710932015931757,11.677820205688477,11.689552356636616,11.711912120588991,11.67885846104813,11.679661390720081,11.679259925884107
12.789415916315125,12.78850093687112,12.778081700603487,12.776674082403627,12.774733543395996,12.730997085411493,12.759601674008724,12.77778523059892,12.778726682159391,12.778255956379157
11.637632865882509,11.665891407140233,11.64982662557961,11.660921838781073,11.695322036743164,11.677364708333158,11.662470749549376,11.664447779619273,11.672379391942862,11.668413585781067
12.214599633741443,12.238406689768025,12.184644865554013,12.247703429643156,12.12458324432373,12.12464633822912,12.139854813367204,12.193029562168714,12.203294792860188,12.198162177514451
12.31848492594288,12.329685611543114,12.269021473441352,12.256178963538405,12.185201644897461,12.175461925620796,12.154624817710486,12.248835192726471,12.252331979178035,12.250583585952253
11.844981548401382,11.833765344174818,11.833728138955316,11.880877871809954,11.928512573242188,11.934023411966939,11.898472154066338,11.877321898338936,11.881175763185134,11.879248830762037
12.573017598311669,12.543703612503334,12.559421827262046,12.562744652232643,12.472234725952148,12.463534718241196,12.46684760979417,12.523709639758792,12.525401344742347,12.52455549225057
11.768826657215499,11.804717749176689,11.783642247628606,11.758078003575203,11.730640411376953,11.785408299939965,11.772679092187655,11.766988382706401,11.765304959886201,11.766146671296301
12.301341261359783,12.30004119160266,12.319181358372417,12.289999727277431,12.298589706420898,12.29403413774526,12.324534063695541,12.302901190071264,12.297545446863374,12.300223318467319
11.960404212467502,11.97465388255631,11.966726623095195,11.981182122002412,11.957311630249023,11.948371243669282,11.938011380567692,11.96231264556859,11.969826747185362,11.966069696376977
12.308183349138323,12.308356416648,12.305089650388823,12.292147529276395,12.298174858093262,12.29535460640889,12.306341164188373,12.302640663468871,12.299649724926832,12.301145194197852
12.20097389158679,12.21734700628715,12.226597959175475,12.20626314910665,12.166260719299316,12.172939770227849,12.215271223308894,12.201223197917761,12.19871718084577,12.199970189381766
11.886865198145914,11.909098436554395,11.903110495044949,11.872282117558914,11.944188117980957,11.952625303445815,11.941766356172145,11.910840045282466,11.908174072999,11.909507059140733
12.107624590219695,12.09702913936429,12.08534180784718,12.095337080754906,12.0806303024292,12.10873848395515,12.039438470714979,12.084011916696614,12.088368236195063,12.086190076445838
12.617838213291051,12.609908162142444,12.562838517288663,12.659813168331032,12.574575424194336,12.615734434101004,12.656672045906983,12.623761402773171,12.619995841696024,12.621878622234597
11.632646147161577,11.644808918618006,11.640547937448304,11.67030704584427,11.7161283493042,11.732333649685883,11.695120591040789,11.67180221039377,11.677102544166598,11.674452377280184
12.68245621813734,12.695554483288175,12.703396454857167,12.711529830486885,12.7134370803833,12.70725307764845,12.724029630105715,12.705401448480284,12.70793428911433,12.706667868797307
11.902625377790894,11.894387310494587,11.919663951747555,11.920404465898716,11.97404670715332,11.999085034570962,11.975860423676215,11.933464857002747,11.931075753592609,11.932270305297678
12.478719641513269,12.481262322431062,12.488835372125239,12.47568058712553,12.467741012573242,12.463183771313156,12.493504738702121,12.479381660469045,12.476153765156244,12.477767712812646
11.733981489486359,11.741061748703963,11.847235228492139,11.794786765599135,11.613860130310059,11.69782803525719,11.63059759063352,11.702857544946607,11.716971181533335,11.709914363239973
11.330193471207977,11.313090276514044,11.345022099299783,11.423509018338489,11.271742820739746,11.2574182218516,11.287404496597153,11.325188016679483,11.338392436347585,11.331790226513533
11.880117031266847,11.884679086443217,11.882787439988917,11.88277618444605,11.861136436462402,11.84512899009686,11.851502177198501,11.872042183163405,11.875328485575402,11.873685334369402
12.14735816114954,12.142881433778419,12.156360437499117,12.132567605055314,12.117033958435059,12.108653133863976,12.133300322043636,12.134628296092394,12.131308879881317,12.132968587986856
11.618110475026292,11.593366586421906,11.624348046243702,11.592027110991623,11.646974563598633,11.667775497210895,11.6792252607334,11.625940799354371,11.613277043981824,11.6196089216681
12.777789982944459,12.749162271326895,12.816808834684991,12.760062400841836,12.650042533874512,12.643725026102683,12.63244211788071,12.713899861373683,12.717758054004683,12.715828957689183
12.65621329742246,12.658139724252203,12.670083311542022,12.635905661516771,12.685553550720215,12.689476045927833,12.668621751042911,12.660886796990914,12.658821813074436,12.659854305032676
11.150431620399065,11.171162930766002,11.198567656419769,11.248400629009257,11.048346519470215,10.998107301383701,11.056539230080064,11.134976185944922,11.156313935034088,11.145645060489507
12.376685960777944,12.370253345335831,12.369052933797015,12.373560470919767,12.39135456085205,12.396589647269254,12.413760980952631,12.385123063767645,12.380001315819554,12.3825621897936
11.734498638814527,11.728683500369353,11.738428431309991,11.806007305241424,11.746112823486328,11.73686202495785,11.732416122567253,11.749543678095778,11.7609564370138,11.75525005755479
12.032341015281782,12.030744213153653,12.05451752575349,12.079140604006668,12.0654935836792,12.043586280252246,12.056222924987203,12.052788468221703,12.059125816002798,12.05595714211225
12.015089087625825,12.012975247712639,12.051682321485453,12.032041956866369,12.039320945739746,12.04625529991367,12.055770153435558,12.031039478276028,12.029699125356295,12.030369301816162
11.82509986577684,11.819893626811872,11.839464232549325,11.854366401585743,11.86835765838623,11.876038964570823,11.865601277659035,11.846663766043944,11.848513947023804,11.847588856533875
11.714919038673997,11.714708611790023,11.741078713775472,11.78993004690347,11.800350189208984,11.766966655018717,11.789792520872368,11.761940081489769,11.769957411306855,11.765948746398312
12.043758985278657,12.057526116776922,12.005651341365184,11.987558303898503,12.000988006591797,11.96836039188312,12.04122880779281,12.026212044067739,12.015892864678461,12.021052454373102
12.158901707287514,12.153109551774163,12.12644395035876,12.124510140625148,11.964954376220703,12.012530048065363,12.047916589136573,12.08987847300882,12.083059670341056,12.086469071674939
12.038469021080358,12.030104945828693,11.961564211094718,11.982765578017744,11.950907707214355,11.986062688594172,12.035799194186684,12.007609289265567,11.99119097526193,11.99940013226375
11.529567006246088,11.54591081528848,11.541949265302666,11.602212786191199,11.609225273132324,11.599684066866878,11.643080054489506,11.58599918706952,11.5894376928476,11.58771843995856
12.331369356627626,12.290817544138253,12.303352556258655,12.317541224821444,12.345236778259277,12.36162786655529,12.318891281363165,12.320771237041953,12.317398274808934,12.319084755925445
12.070997242541376,12.097355839710238,12.05972119027668,12.01439627437905,12.128029823303223,12.1087749675017,12.124068209100658,12.08696947780691,12.07866809133554,12.082818784571227
11.837071540952188,11.830000492656358,11.858217220906191,11.855591476041594,11.906755447387695,11.921845648093592,11.896887606746997,11.865261312756967,11.86485384832195,11.86505758053946
11.767559567947892,11.789462105006479,11.765009069373157,11.768223427650554,11.823107719421387,11.813831712286198,11.852846781707912,11.800239920346844,11.795375306170738,11.797807613258792
11.940842166065726,11.959095273972324,12.067803725270235,11.995944238109246,12.03979778289795,11.998372960677344,12.030660314159396,11.993267955040928,11.999293292064683,11.996280623552806
10.73341349382887,10.748791105197734,10.477277540194763,10.678034856385924,10.6854829788208,10.69950447281695,10.85590592090878,10.740325671028423,10.71217081775772,10.726248244393073
11.58852953095157,11.581101969373808,11.567020379837349,11.559560831989021,11.600234031677246,11.595961283857987,11.610771673755591,11.588039607549447,11.580778757076306,11.584409182312879
11.439742637050212,11.455348516987076,11.323994725003333,11.350220652217619,11.48272705078125,11.455212528718087,11.405007107687085,11.426609192944648,11.423445580393665,11.425027386669157
12.529585467556078,12.531868553058198,12.558006617756792,12.565151590401998,12.536714553833008,12.528177404725268,12.495892134567793,12.531842459883414,12.54279836408713,12.537320411985274
12.505081895302979,12.504416458921616,12.52454023560654,12.506500984100807,12.48754596710205,12.507841394562647,12.48479732781056,12.497668526647605,12.49916607900974,12.498417302828674
12.392658946654903,12.384855036057202,12.388788440757947,12.40060369915182,12.388591766357422,12.416766496340733,12.390875191291707,12.391516927902611,12.391789673289082,12.391653300595848
12.798165711037951,12.777117894799012,12.818342369013248,12.781409869675235,12.753240585327148,12.798722702830915,12.725160900531584,12.767018992274187,12.768739824274098,12.767879408274142
11.877609518758236,11.87130501447401,11.88958847395215,11.923887782577356,11.970768928527832,11.963487626306552,11.949386012165949,11.918591451300676,11.922763924086931,11.920677687693804
12.764236309489386,12.759654194688364,12.796488812506551,12.73150534362827,12.811331748962402,12.817921027716228,12.82049902938233,12.77744532523015,12.768163660289659,12.772804492759906
11.786380805545651,11.790480588507158,11.804005629967026,11.785404784907785,11.812499046325684,11.80375405639544,11.796454835207618,11.79424401209878,11.79535907177036,11.79480154193457
11.527367356551146,11.525068307469324,11.523540163823997,11.480750501968087,11.565582275390625,11.578201753511912,11.565496977313996,11.532853083738637,11.523526208980506,11.528189646359571
11.883212716945186,11.88867285183075,11.864493164346635,11.859460720478886,11.916473388671875,11.910394016130617,11.897750495981827,11.889114034781706,11.886941106968068,11.888027570874886
11.943480055404837,11.937270137534677,11.961410254301681,11.988872698775447,11.979373931884766,11.968207788843134,11.980387508907997,11.965876866501546,11.969912887308222,11.967894876904886
11.315919341638564,11.296697876341915,11.344263737872126,11.292423106801833,11.200011253356934,11.206938346905705,11.25944051615647,11.272898418859143,11.265332874640379,11.26911564674976
12.248187267453433,12.246516488645456,12.249240677132711,12.2681437602262,12.191208839416504,12.173936407030672,12.16929711500401,12.224670694149122,12.233726002508147,12.229198348328634
11.549776782145933,11.561243304153823,11.549807275076919,11.550923989170546,11.680581092834473,11.677661901767479,11.655195930099394,11.599544219680833,11.597307017384686,11.598425618532762
12.146057865672113,12.15780580151835,12.159161681392648,12.155424664156353,12.144953727722168,12.160554123809872,12.151385652046063,12.15112554222301,12.152916131780117,12.152020837001565
11.815143228715925,11.821470712894644,11.79826124685565,11.881360244375285,11.721896171569824,11.771077718251009,11.76871721718738,11.801717514948614,11.81082871936766,11.806273117158138
12.793412891047613,12.785971281456892,12.797760695860692,12.766487289678572,12.836400985717773,12.850503484626067,12.813665398252766,12.799187569230725,12.7952146653009,12.797201117265812
11.395661211371928,11.397451194084686,11.39306944427817,11.468777217463352,11.397086143493652,11.387885473168545,11.407869411030587,11.413369035488842,11.422920904215243,11.418144969852044
11.93012136065862,11.916482643284604,11.929367962144195,11.894450318109435,11.896966934204102,11.901646347210281,11.91550760472964,11.91070577219728,11.90312576986106,11.90691577102917
12.023005804417538,11.992213699697832,11.994340710041577,11.997514140204729,12.081460952758789,12.095021330828738,12.102177780920607,12.0392744755999,12.02606539759833,12.032669936599113
11.685199574336252,11.697550350479213,11.71836954867452,11.68681062207368,11.748881340026855,11.751861382213633,11.739969872216792,11.71168235182656,11.710974700316402,11.711328526071483
12.069280191252595,12.071761052180747,12.04059212050936,12.008180533641132,11.950799942016602,11.959125872514674,11.95256927433654,12.010518198685524,12.007889432045081,12.009203815365304
12.171154527390641,12.19264887783084,12.208190152354536,12.226044633891359,12.222909927368164,12.188190540470716,12.207530880833307,12.204057769462864,12.21387440706599,12.208966088264427
12.890254453814492,12.88870870932549,12.900310652496765,12.876246232800757,12.792389869689941,12.809717929905233,12.858083158714475,12.861136484869032,12.85497171545061,12.858054100159823
11.75218222361056,11.745993866337326,11.79803004637521,11.80892425327566,11.7422456741333,11.78911530475409,11.727775266405008,11.75542425675237,11.765879219754584,11.760651738253477
11.886426761271013,11.865153957589996,11.84141819061438,11.898634426369489,11.825281143188477,11.816657737294939,11.835055692777612,11.862110396239318,11.863691580965458,11.862900988602389
12.819588399134854,12.828414422451772,12.87276837437217,12.874617731621363,12.85525131225586,12.86335509496,12.861882459589856,12.847950865010741,12.85423054371463,12.851090704362687
12.324827251507243,12.350061275818403,12.353595302874238,12.328941857719045,12.37906551361084,12.40791231435395,12.435218058633136,12.363622791457734,12.355962198175597,12.359792494816666
11.896724281118244,11.910965132170793,11.91928772639286,11.942555723893378,12.034149169921875,12.096433835542191,12.015193115213998,11.959917484463658,11.963400482717441,11.96165898359055
12.23012217926376,12.24902342194741,12.209277265965843,12.221666513526115,12.201367378234863,12.183925197690929,12.154804805768853,12.211396859748202,12.220284011952728,12.215840435850463
12.044149230472431,12.020249175681862,12.014954372516488,12.046030593396718,11.99715805053711,12.004525454165924,11.970698022001883,12.015657014418,12.01975843604605,12.017707725232025
11.585618526633374,11.625060019244433,11.618170371918445,11.676509518096228,11.598298072814941,11.58301683971356,11.641613569221388,11.625419941202074,11.636373325873919,11.630896633537997
12.098552411068,12.081519978959317,12.086283715125306,12.087888538260916,12.037503242492676,12.060188211312948,12.059351193428645,12.072963072841912,12.06984617877509,12.071404625808501
11.67175600937965,11.674607716875194,11.650179558151866,11.632050608226937,11.764517784118652,11.765197983428315,11.744386757643836,11.697463775248854,11.689545660931842,11.693504718090349
12.089409305089042,12.087634261597367,12.100287827702747,12.07453778395685,12.103704452514648,12.119858795347554,12.100055505710733,12.091068261773728,12.08837974652267,12.0897240041482
12.508167071524003,12.524062340151385,12.457074428368319,12.481074362265534,12.482550621032715,12.471668670581302,12.422980922686909,12.48376706353211,12.491209609424867,12.487488336478489
11.890360399415638,11.890510405654782,11.919667425406887,11.901013315353923,11.954554557800293,11.968556255281856,11.939889829250658,11.91526570149506,11.915417782594258,11.91534174204466
11.853817897673688,11.842980843596361,11.840338196784629,11.866184423047429,11.879817008972168,11.891339287990213,11.867223147051106,11.862004664068152,11.863070120941103,11.862537392504628
11.464980343981406,11.452936670824553,11.482077533505347,11.428819219583529,11.62289047241211,11.593449032910813,11.600043500856787,11.513934041531677,11.501778222977933,11.507856132254807
11.549144776678096,11.550925704448803,11.574377469886912,11.581547409775947,11.52320671081543,11.500495532785886,11.532033367432481,11.547371593830153,11.552599359001693,11.549985476415923
12.720536486999919,12.704319348424697,12.72263651732868,12.74354521216309,12.768865585327148,12.72753351133615,12.718773283478104,12.731207983278592,12.737378144199152,12.734293063738875
11.746561682758678,11.73657076673958,11.748563853205436,11.78193974913042,11.781257629394531,11.78000443783593,11.767411592238027,11.762748284052247,11.767052474612719,11.764900379332484
11.770529216211115,11.776982374175883,11.777977285667896,11.782325050313501,11.802839279174805,11.807895747312992,11.813139709865673,11.789163125948196,11.788374145683846,11.788768635816021
11.59416618373484,11.572287858709082,11.582360034347765,11.631869709718313,11.650635719299316,11.664321460086173,11.661482930393042,11.62208848037092,11.62080060983897,11.621444545104946
12.049785939269544,12.047065891046625,12.067499454524745,12.047307073671863,12.054415702819824,12.072757451423106,12.103621697734622,12.060439260908495,12.052567131167038,12.056503196037768
12.580020298070044,12.606178528460603,12.577728515116217,12.554489516991723,12.518895149230957,12.53809834271757,12.577682286223931,12.567453155795452,12.561424315052847,12.564438735424151
12.318656766551154,12.305871513836497,12.301485235263577,12.330640501859982,12.317769050598145,12.311527031005534,12.284294130080122,12.31144639258518,12.316683934181281,12.314065163383232
12.263452114472532,12.320329858394764,12.25362525482359,12.214899380639823,12.285382270812988,12.305220262069334,12.289831338535167,12.274778992571054,12.27163558224208,12.273207287406569
12.336028264185549,12.343301838015238,12.323302607578192,12.33270484103026,12.292766571044922,12.282693193087841,12.306412519053792,12.322242806665953,12.322961367945943,12.322602087305949
11.932155636508758,11.955302972601242,11.9542359853396,11.91557501277296,11.924076080322266,11.925999803724604,11.92683999740471,11.930789939921986,11.930789234789035,11.93078958735551
12.48610012773226,12.505779232949022,12.432404698188204,12.431126304879953,12.37056827545166,12.33567712950273,12.392751386407717,12.437265065484123,12.434312714999137,12.435788890241632
12.217009934691196,12.193258611701463,12.20423897328159,12.19594049346468,12.090242385864258,12.091036976706217,12.097641803380444,12.158818645820407,12.159098126381679,12.158958386101045
11.887815272080603,11.872483416400671,11.90025319526616,11.88452064417704,11.897913932800293,11.912834138219422,11.935146424819296,11.895575938055583,11.887648470662887,11.891612204359236
13.350869254821923,13.31236306815288,13.33914339146218,13.389337105036471,13.246566772460938,13.28038940852212,13.175669863953757,13.294961212885195,13.312457404507999,13.303709308696597
12.585215927453223,12.58429655360482,12.602489717718218,12.590331764435687,12.625568389892578,12.588323599015096,12.596306158313102,12.596343758739883,12.598930685965113,12.597637222352498
11.486206087589991,11.512099366631404,11.543230155690523,11.53212196639877,11.553251266479492,11.522924992237277,11.502052464097108,11.517146230239353,11.530303014253125,11.523724622246238
11.759325954097724,11.760885983172216,11.770336541033846,11.800113122319875,11.783339500427246,11.764814636256997,11.780030043362027,11.776738920675818,11.782166360952427,11.779452640814124
12.070760543220675,12.081242866228287,12.092007778407957,12.063811995503066,12.118326187133789,12.128576759052237,12.122131245588967,12.091254567534957,12.088155728238721,12.08970514788684
11.473784130737739,11.48128008104353,11.484351204315232,11.495563442339883,11.385461807250977,11.450010099622288,11.42394726973103,11.452007346220633,11.45548337600762,11.453745361114127
11.753769246231908,11.74688083414084,11.768760306492652,11.74153380518274,11.763949394226074,11.773941943072634,11.758072936118868,11.752841243180086,11.750552531980158,11.751696887580124
11.788917330214122,11.775184812978116,11.818883184502852,11.831925314837676,11.779261589050293,11.780079172192673,11.774914964995855,11.790040802415213,11.796195597913206,11.79311820016421
12.196019106293617,12.18311643994266,12.19278640397274,12.172033301325886,12.187127113342285,12.17774669963351,12.172396639078949,12.18213851999668,12.179758026474587,12.180948273235634
12.618986816853234,12.611697966478696,12.626427531184447,12.610127940678348,12.616294860839844,12.633010422779943,12.637747683764406,12.618971053722907,12.613990395875554,12.61648072479923
11.802575886999048,11.801235443280001,11.812909758706812,11.807081898987494,11.87099552154541,11.880433853646618,11.857748388950249,11.827927427952442,11.826567626427419,11.82724752718993
12.769025393267977,12.765201256369282,12.773603788471199,12.762974258346539,12.765730857849121,12.73182663186309,12.731294857443809,12.758845324655347,12.762587753962837,12.760716539309094
11.814059466745642,11.835294812598466,11.83652903972501,11.840914730850695,11.85749340057373,11.88272803236296,11.880254140180208,11.845603310189748,11.846251518118876,11.845927414154314
12.263210512579468,12.256429563575672,12.26716255856585,12.290048382353984,12.29466724395752,12.293007640049913,12.28615340821878,12.278101822137085,12.280886531316682,12.279494176726885
11.04720308767245,11.071966658646023,11.208965556599416,11.361399788744004,11.07068157196045,11.000202568924731,11.146877923696016,11.13962580614379,11.177287394539064,11.158456600341427
12.631539965801586,12.609994570201062,12.588793281844339,12.660150370073598,12.572089195251465,12.575314871407707,12.562671306022041,12.60728908146995,12.61392317737522,12.610606129422585
12.305909420894327,12.308741864192328,12.298459887441943,12.273987690060215,12.270094871520996,12.274805095104199,12.30280144285193,12.29230705790396,12.28516317475595,12.288735116329956
12.16922250384596,12.18657040631014,12.189935615720987,12.153058923929459,12.128254890441895,12.127705933018234,12.177899418556677,12.163001228616828,12.157634528558685,12.160317878587756
11.539502991583243,11.536990286799844,11.589720372363008,11.61754692355231,11.57650375366211,11.592551285814926,11.61759523482666,11.577627838084833,11.581220642630466,11.57942424035765
11.055789076263222,11.07285665530907,11.068034676227512,11.067189682790845,11.215103149414062,11.1847828636072,11.194086064772861,11.121004925710015,11.118706201844208,11.119855563777111
11.350949913724747,11.189627121276445,11.44367002825943,11.550264520827502,11.272445678710938,11.430439494295914,11.372811000687332,11.347219647045392,11.350293927773933,11.348756787409664
12.253669673916434,12.252379963895132,12.252152137743082,12.18959001795458,12.20652961730957,12.234622948881713,12.244353083421174,12.229304471299379,12.21680383231995,12.223054151809666
11.736924374551746,11.733729298850333,11.642389330031698,11.760924267736277,11.639825820922852,11.648941533756506,11.642008226764068,11.702682397765056,11.7109860433259,11.706834220545478
12.133583173723492,12.151759529561806,12.108938640063869,12.121573328078963,12.113652229309082,12.101811973547722,12.086243049826669,12.121362262100003,12.126445138704991,12.123903700402497
11.89791930829582,11.893873072975643,11.902457183916852,11.933945421488879,11.930448532104492,11.928475945593199,11.937260008091501,11.918689268591269,11.920912958452469,11.919801113521867
12.153588952861208,12.134502065373663,12.2069836585257,12.205567267622405,12.128861427307129,12.132800054289778,12.200822309547975,12.164668404542477,12.16164365649361,12.163156030518044
11.971989767912541,11.975120658755397,11.978312474876963,11.985740682368316,12.011032104492188,12.012192830026923,11.998237700774695,11.988424182860628,11.990474991482458,11.989449587171546
12.640525632189217,12.64154498649784,12.660117108952917,12.672800400302767,12.646463394165039,12.64163334360946,12.640431525958597,12.648353187822693,12.653827591921415,12.651090389872053
11.822396360009158,11.827416061032167,11.823513837516947,11.809147194441422,11.823883056640625,11.819589343058764,11.833650864509027,11.82329870732648,11.820375395264271,11.821837051295377
12.462203495316441,12.459076282474912,12.466662718969978,12.388022737684304,12.449081420898438,12.42736462991501,12.492943660027809,12.450265519280382,12.433328867528365,12.441797193404375
11.844175907360516,11.831862096346521,11.856021758612243,11.860213109837114,11.859346389770508,11.869180058164108,11.882568416158803,11.855633183894692,11.852624852370711,11.854129018132703
11.710691592694033,11.707516488244195,11.702404273826899,11.742202557816814,11.688570022583008,11.6870197749031,11.651261388033069,11.700048409874224,11.710936615763405,11.705492512818815
11.846382833905734,11.837658897413757,11.827659414466476,11.801435000019815,11.74736213684082,11.721589308108847,11.734628720402709,11.793493517716568,11.793089535914602,11.793291526815587
12.600153546701577,12.604903986985356,12.584096917661917,12.636357938757357,12.625385284423828,12.640853855941602,12.53953959377036,12.601268070127695,12.617949803147312,12.609608936637505
11.62283774379008,11.607669910533666,11.612310158235196,11.649564603620057,11.629061698913574,11.647724614316285,11.644889569520883,11.630804705275652,11.630638485558224,11.63072159541694
12.53124874634303,12.536055521936385,12.490532389138826,12.52215916405566,12.37457275390625,12.379384908248772,12.355739553201154,12.463955147888496,12.474390001629697,12.4691725747591
12.182569657258446,12.178000839455517,12.16999229827716,12.179819074704405,12.14443302154541,12.144871492332214,12.153097957888306,12.167584110170418,12.167566424589486,12.167575267379952
11.973370352847132,11.986032139532853,11.933306637802833,11.918188413688869,11.891929626464844,11.834528831487113,11.881785766740604,11.93026125985486,11.929234808980599,11.929748034417731
11.38542891462759,11.454317503165921,11.40504802096576,11.465024281926993,11.336488723754883,11.339416813151132,11.376858449275227,11.403623574550124,11.419787453654573,11.411705514102348
12.394666728160585,12.39645296071848,12.384150579764688,12.416048106080886,12.475935935974121,12.4720929853879,12.473493099978313,12.431319366182478,12.430583566339426,12.430951466260954
12.193242323074111,12.149023636400628,12.186197915035535,12.166688779693125,12.1135835647583,12.1199675322957,12.134270146217009,12.151361690028635,12.144193899738465,12.14777779488355
12.345216143117886,12.354606070127582,12.365967941585783,12.34206140771613,12.343123435974121,12.349958357171664,12.350345632749626,12.34707053793707,12.34667779730596,12.346874167621515
11.736952206691274,11.740593993813157,11.740744838954619,11.815050563290772,11.812496185302734,11.790588986876054,11.802712436647914,11.78156107714917,11.79088140819588,11.786221242672527
11.584724344119676,11.575232213120564,11.623392254832932,11.660888734684699,11.621088981628418,11.59773176855173,11.624976267778123,11.613382108266297,11.621256626650943,11.61731936745862
12.005069136502325,12.036351898877166,12.014708349283916,12.0223049464745,12.028056144714355,11.984678361323034,12.016140082954728,12.021584441904615,12.02787622647812,12.02473033419137
11.312053596922054,11.30928391711667,11.34896509241852,11.321913961439423,11.371423721313477,11.366602179168014,11.33156720416402,11.32924848019113,11.332803598945166,11.331026039568147
12.351695591002963,12.37513310480293,12.336257319255967,12.323221692444012,12.305073738098145,12.29236824960552,12.341505647338774,12.339325954737365,12.334932758554027,12.337129356645697
11.820425735485845,11.82568378711585,11.846244069896226,11.886111105328073,11.8616361618042,11.850732417766622,11.817838769671194,11.842339111881031,11.85666911861787,11.849504115249452
12.154897266865591,12.163468943505508,12.16484676144074,12.165939357371641,12.185564994812012,12.189101785070315,12.190727937598327,12.172119700030617,12.172257350896352,12.172188525463485
11.668908795165398,11.680961757227019,11.689444960047041,11.714183623560324,11.733232498168945,11.712169605970775,11.684392143293003,11.696335763482939,11.707758393905221,11.702047078694081
11.815104292367083,11.838832382846384,11.811408085686915,11.801212069817764,11.830472946166992,11.826800046272348,11.814220582041694,11.819968454647984,11.821830115802166,11.820899285225078
12.038281505343095,12.040262643116979,12.030348132166136,12.044347620596328,12.053762435913086,12.036253137666602,12.043466144096096,12.044024069813117,12.0457457545632,12.04488491218816
11.925648370835836,11.939814183369334,11.921065491494556,11.925467986443355,11.963674545288086,11.957271913839813,11.94321362437717,11.939563742062756,11.941824678866059,11.94069421046441
12.317155289209566,12.302104377939786,12.299376778423532,12.252986449992553,12.272309303283691,12.303784310722534,12.2994327277288,12.288797629630881,12.276224615703494,12.282511122667188
12.695242588858237,12.671228419650014,12.686897450114998,12.663158657530797,12.722189903259277,12.747692911360962,12.71851724268836,12.694067362397337,12.685766614867564,12.68991698863245
12.31937037169756,12.319005109385147,12.314032514209526,12.326132725856286,12.365912437438965,12.367498754579163,12.374972250563017,12.341078578988196,12.3382096924251,12.33964413570665
12.351529222258835,12.357711022441777,12.24745767626452,12.331135102149386,12.354860305786133,12.37611321063705,12.247620815147519,12.328571293556731,12.341145760490843,12.334858527023787
12.441764086302287,12.429543018169898,12.428076243636053,12.439669062992463,12.463542938232422,12.453027463537317,12.420755162867824,12.43905485371298,12.442308588481989,12.440681721097484
11.43201801378594,11.408400883317777,11.373457279463507,11.401164137977037,11.254446029663086,11.303818663168006,11.25229569798707,11.349664952546181,11.352639787427355,11.351152369986771
11.391675216961119,11.408801717523634,11.319481487337136,11.352355476972605,11.477251052856445,11.47792095073778,11.4876110995442,11.423538912771601,11.413261894308274,11.41840040353994
11.942720594605184,11.958809083487202,11.961121164820604,11.953385549628853,12.012121200561523,12.020612626506539,11.993790302123788,11.972165346081312,11.974225791059428,11.97319556857037
12.247798430506712,12.235568372303177,12.232319802734102,12.221513735935208,12.233856201171875,12.25017392203154,12.208530153511543,12.229453378685704,12.228575480413042,12.229014429549373
12.506899720228079,12.504607752336398,12.50961497288774,12.482558337266184,12.497952461242676,12.500139826044645,12.483473773310921,12.495098408876853,12.493746969913143,12.494422689394998
11.917532362160042,11.93515747000084,11.942813732673805,11.92733405198577,11.935338973999023,11.931366827611757,11.935766509456094,11.930225873520355,11.932506916643417,11.931366395081888
11.979589266151796,11.975783604338368,11.96932604696408,12.02871715463787,11.991847038269043,11.995446109161772,11.969220002355904,11.989031413150595,11.998525827898911,11.993778620524754
12.29728351702307,12.299981029112196,12.29472541623928,12.268618373469616,12.231081008911133,12.234052634578012,12.276896496883424,12.274772085079888,12.267922174685433,12.271347129882662
11.829839364157687,11.872199980929928,11.817404370886392,11.899047111379826,11.880308151245117,11.868861214765541,11.878305499055273,11.871940021353566,11.884275872773866,11.878107947063718
12.027058687403873,12.021210779242544,12.011200592272104,12.057646409171875,12.024435043334961,12.033123232848142,12.036790564949634,12.033428296820578,12.035798960735534,12.034613628778056
12.57777072564675,12.577158986695279,12.59949350135707,12.559963119271938,12.64520263671875,12.66233107006656,12.670172461944947,12.606053586055534,12.596072477588194,12.601063031821864
11.739076944638326,11.724379834949964,11.71051337559874,11.745860926278993,11.749519348144531,11.755968155947988,11.748944553789485,11.74155632156026,11.740535706994986,11.741046014277625
11.595258295722855,11.61416983510273,11.593010346233783,11.563241762792334,11.669623374938965,11.643149718374463,11.659648488849859,11.620388351481349,11.614887941353834,11.617638146417592
12.292484448247313,12.278002508833033,12.205933519894572,12.229030604794874,12.234196662902832,12.23534270543654,12.217330060457389,12.250208857047088,12.24476499228767,12.247486924667381
12.663789820275918,12.653501259352876,12.675250523219148,12.68582800146433,12.671869277954102,12.663968179178491,12.655911297262204,12.666179931261887,12.670216569553737,12.668198250407812
12.477948249463857,12.466289280985572,12.470915675357142,12.490402957726715,12.516274452209473,12.497456201839475,12.536141334418563,12.497411254960838,12.493133508246114,12.495272381603478
12.524441306835806,12.498492175902737,12.480531252804553,12.535219375865728,12.511734008789062,12.496683972659733,12.54278995681427,12.522535364841522,12.51773285872364,12.520134111782582
12.08593762646634,12.083739875852935,12.092511001135271,12.11055352158784,12.116820335388184,12.120906529033917,12.146154005816843,12.10864107302243,12.106252714632383,12.107446893827408
12.02359515376106,12.022916889273452,12.061735407532032,12.012369117972158,12.03764533996582,12.031631465337489,12.058350231420889,12.030975346478677,12.02551789475947,12.028246620619075
12.32198312155066,12.33440731402121,12.331687275919291,12.313675712541786,12.327569007873535,12.317397144878496,12.377706117370419,12.335068254671523,12.327728826365423,12.331398540518475
13.124976094474428,13.082211177897676,13.106029885715508,13.064505065902159,13.159302711486816,13.244952912721294,13.040322415391945,13.094263493030606,13.095636537244419,13.094950015137513
11.77600273865021,11.757471876671294,11.750259618158633,11.81049584670251,11.794189453125,11.788119649434206,11.761833622501285,11.77999870753006,11.786800038920457,11.78339937322526
11.72834125273777,11.710373684059007,11.706295640430604,11.759468702267407,11.706124305725098,11.719304693209885,11.658097507303221,11.7124810904185,11.723278578581311,11.717879834499907
11.818572867243143,11.81669075368678,11.82369976901679,11.818333718080545,11.84351634979248,11.845973555288936,11.851910935542014,11.829804924868991,11.82701013356472,11.828407529216857
11.613398073263735,11.608917345597012,11.598322837871786,11.639573901410797,11.685888290405273,11.695786990576362,11.677408352816453,11.645037192698654,11.645699432899903,11.645368312799278
12.666748131421018,12.646146923011399,12.64795724291897,12.646700250582636,12.598498344421387,12.574996913490526,12.521652664696914,12.615949262826671,12.625405158305572,12.620677210566123
11.939958840484973,11.947041119989393,11.946259936491003,11.95169006272081,11.984126091003418,11.99193778074284,11.963614706969185,11.957286164233556,11.960258407857078,11.958772286045317
12.365065442127129,12.369844166989488,12.356301328997517,12.357029882186115,12.321049690246582,12.30196457505773,12.332684051448362,12.349134646599536,12.349210274356146,12.349172460477842
11.764516901076389,11.759809048521811,11.768564718267129,11.82595308937641,11.824914932250977,11.801164111193126,11.785297740038336,11.792098342252785,11.803095708949126,11.797597025600956
11.832959649388943,11.826450579000058,11.804850130381602,11.793644597666626,11.776066780090332,11.77557348843497,11.812339714060593,11.808292264041311,11.799714344955213,11.804003304498263
11.872080251244585,11.889867237024122,11.875341004956395,11.879273160784116,11.878175735473633,11.867393990675675,11.872035867637464,11.878286450432785,11.881767085179995,11.880026767806392
11.99065985001333,11.988540836077739,12.006685674808889,12.001867347985392,12.08902359008789,12.094144241992058,12.047998851813071,12.023618095195484,12.025461163950949,12.02453962957322
12.043484191620813,12.049606730611156,12.04438210733744,12.033971305883085,12.061237335205078,12.049796922351591,12.0457982260177,12.046819557867568,12.047241792490292,12.047030675178931
12.131604875077304,12.13242914130587,12.15248535725916,12.146616752145151,12.165915489196777,12.16341386827445,12.175039626072273,12.150321176759476,12.149479308067155,12.149900242413317
12.012292485279335,12.021860665802464,12.05035450961395,12.045457841727702,11.978812217712402,11.987822635138382,11.982711124865666,12.008226867077514,12.015499689596368,12.011863278336943
11.74226501636049,11.749980655942254,11.787251737341476,11.782610760833379,11.815755844116211,11.819956459458353,11.8064641080481,11.779415277060087,11.783544288440213,11.78147978275015
11.988450457497471,11.991929740217593,11.970859124686932,12.006361908044184,12.017155647277832,12.022541727334076,12.037996694003638,12.008378889408144,12.006902494129367,12.007640691768756
11.788509789896892,11.78692450534023,11.79926240637845,11.735774895366587,11.702041625976562,11.713634366929298,11.737349332644023,11.75012002984486,11.741812007004588,11.745966018424724
12.33347861012105,12.336285894216045,12.329293233591319,12.358563477757446,12.35521411895752,12.358237345810453,12.336222618271607,12.343952943864734,12.349499569628712,12.346726256746724
11.602979945471834,11.578749320322034,11.60693990557008,11.602113848616014,11.646644592285156,11.63552544367386,11.605330847378308,11.607163710814671,11.607925913056988,11.60754481193583
12.309512192550084,12.329456301661713,12.31467906548903,12.304500759629766,12.332317352294922,12.327126618498033,12.27895547834882,12.310948416897062,12.318583592690247,12.314766004793654
11.952753268071419,11.965761886018951,11.968252194356989,11.968288762508319,12.0142183303833,12.045759195514924,12.02271123725812,11.984746696848022,11.983857332687448,11.984302014767735
11.939170249650756,11.931251999855174,11.950608154058724,11.901255525408791,11.961333274841309,11.95798385882293,11.889647562301324,11.924531722411471,11.926930673900532,11.925731198156003
12.485776272633231,12.4683424369538,12.457474399274284,12.455586659743185,12.394543647766113,12.399037163579548,12.423197689960222,12.44548934141131,12.440101250528468,12.44279529596989
12.384154848879913,12.37797441826105,12.36420092133178,12.355372090695667,12.35439682006836,12.34729916629461,12.329449164718744,12.360269468524749,12.360470144117691,12.36036980632122
12.187804092862299,12.212136913519107,12.203234153892033,12.156956694783286,12.222162246704102,12.21676668452482,12.197985102377405,12.19540901004924,12.194865867420912,12.195137438735077
12.01984797954215,12.023771755582823,12.02312681225343,12.048024763275743,11.990036010742188,12.000458570093725,12.00175506717658,12.016687115263899,12.021310452232687,12.018998783748291
11.846497826842507,11.8649006309875,11.837620936065496,11.84101568712555,11.842573165893555,11.831560390882489,11.819152629102314,11.842827987990287,11.847468073415317,11.845148030702802
11.452800512268523,11.44653654807417,11.483624900310208,11.514638150403178,11.553817749023438,11.54677345642897,11.533746758044227,11.500307943562708,11.506200230243486,11.503254086903098
12.999340066154257,12.965683545042097,13.012510522125915,13.04996788868845,13.009171485900879,13.080336390828377,13.002835851069735,13.005399767371085,13.009811937988847,13.007605852679966
12.010870742147276,11.981170390499434,11.973604379180266,11.978572318865229,11.891517639160156,11.865270638701217,11.903851168290455,11.953196451792511,11.950060231269685,11.9516283415311
12.228517451738321,12.218645252492923,12.200187403215143,12.237853225681619,12.22319221496582,12.220642105234997,12.224359957202859,12.22651362041631,12.227004775265286,12.2267591978408
11.641647552257583,11.703062167048543,11.676890623470356,11.706937060178767,11.719892501831055,11.702379411566247,11.749289406972672,11.704165737657725,11.711945132212962,11.708055434935345
12.185887362001365,12.191102868782187,12.184132616787714,12.14373721066801,12.122908592224121,12.167203692498669,12.15821452430337,12.16037011159581,12.153070903578975,12.156720507587394
12.997069234818838,12.9671234811429,13.03264626112951,13.045129433072917,12.984625816345215,13.044617963192868,12.956191525941763,12.990027898264326,12.99879725450429,12.994412576384308
11.613760771691107,11.62059210217717,11.642895287633607,11.683519302053451,11.69055461883545,11.685858398956256,11.7103370021496,11.663752759381355,11.667906725068462,11.665829742224911
12.269939063237436,12.26424133334247,12.280391930904266,12.24686104381102,12.306705474853516,12.292076954502859,12.301265871012802,12.277802557251448,12.27248645003856,12.275144503645006
11.775173391165092,11.755407919943657,11.791470999987594,11.752660078239119,11.769071578979492,11.788577476213545,11.771190757615244,11.76470074518852,11.759283170277516,11.76199195773302
12.243521242840664,12.241422849816084,12.186627101380125,12.234809772348807,12.249728202819824,12.271848304743836,12.178615224534335,12.229619458471944,12.237808276195128,12.233713867333535
11.851755036237698,11.832094161121868,11.868649198192498,11.901804387171147,11.89921760559082,11.893374106086707,11.866356004043038,11.870245438832914,11.877720523114426,11.87398298097367
11.753777962276004,11.732200798478594,11.782038534832385,11.697802458729388,11.705772399902344,11.736155733760032,11.753560914067085,11.728622906690683,11.71384436897156,11.721233637831123
12.127493661256523,12.100941982197583,12.12555852460834,12.122364406360148,12.155726432800293,12.082426491051551,12.191280368791102,12.139561370281129,12.129418347533019,12.134489858907074
11.933148807402171,11.915377029926272,11.910889450459301,11.927845952575828,11.910004615783691,11.884958891586527,11.897884543620185,11.916852189861629,11.91717828817092,11.917015239016274
11.358494376658578,11.237021640105715,11.365973920671175,11.452077178553147,11.343088150024414,11.463413695076808,11.293933645649265,11.336922998198224,11.345996968469544,11.341459983333884
11.961134236883327,11.969378681164637,11.955977158283424,11.986924185106991,11.89925765991211,11.8949752779877,11.912964445728662,11.945931841759146,11.95213610630259,11.949033974030868
11.71267644957797,11.698841796391829,11.69337630627226,11.734184369800184,11.605563163757324,11.630632686281643,11.64158890011226,11.678570935927914,11.681147739424196,11.679859337676056
12.224264899284531,12.2257530127903,12.218590234680148,12.236346187301354,12.242732048034668,12.252517347543826,12.247247839413676,12.235268797364906,12.235581518740917,12.235425158052912
11.812826071127315,11.808430766125808,11.814077867291182,11.845165171734028,11.804085731506348,11.803137372432737,11.820726193183082,11.818246786735315,11.820763652025915,11.819505219380616
12.520105243245306,12.516105457164889,12.483718278873624,12.527497261496968,12.520217895507812,12.47737180967632,12.472598433929537,12.511304858268904,12.518722250615813,12.515013554442358
11.948504666953097,11.943881662966543,11.947055278587168,11.964119830917529,11.950712203979492,11.973659930307706,11.946081234114763,11.950659919786286,11.953049810563598,11.95185486517494
12.314966883981889,12.333578575557713,12.306020482374901,12.311628330488519,12.30421257019043,12.319010158498704,12.334972859878054,12.319871844019321,12.31756848830109,12.318720166160206
12.121645383127865,12.131766105944783,12.128806380235769,12.119456097758935,12.14880657196045,12.156537690815176,12.142079403064269,12.132750712371262,12.132941249440488,12.132845980905875
11.308235438912561,11.312240967229837,11.290750277910291,11.385572616946959,11.349752426147461,11.35777868170183,11.399231643337085,11.35100661851478,11.353743265272932,11.352374941893856
12.186526242789009,12.199475499289218,12.18740801082479,12.17480164695279,12.143232345581055,12.164430192054695,12.153397671940656,12.171486681310547,12.172035517821332,12.171761099565941
11.840753062864577,11.858736326812785,11.873854005537313,11.889464976393533,11.870892524719238,11.906038189171598,11.883158060347021,11.868600990227431,11.87440260907433,11.871501799650883
12.359315347450513,12.3622237805769,12.34445935982642,12.344730276852845,12.367369651794434,12.333269382043435,12.367605229262573,12.360248857187454,12.357889771112724,12.35906931415009
12.988811033029371,12.98677883286662,13.005498466571098,13.00532333970716,13.06025218963623,13.105667263827545,13.004482658391991,13.009129610726276,13.01534582359346,13.012237717159866
11.582031283130965,11.572965277527745,11.485607659442671,11.463332642979724,11.607708930969238,11.604261272076169,11.60418411611796,11.566044450145126,11.546371251474111,11.55620785080962
12.161474130827177,12.160294197812949,12.148693024126365,12.13135784451187,12.100605010986328,12.10760965319796,12.15791794770679,12.142329826369025,12.132934902716253,12.13763236454264
12.188005665183594,12.187518116332306,12.168559123122435,12.224666897357666,12.15063762664795,12.167893812465856,12.118755757398235,12.173916812583952,12.185932181981148,12.179924497282549
11.935149904910382,11.932520346885655,11.92165867254677,11.945404628562013,11.940322875976562,11.925723859107055,11.931967206063307,11.937072992479585,11.93923175879344,11.938152375636513
12.0708382746905,12.063267161915748,12.072940472049602,12.053585149503835,12.007553100585938,12.010478919036313,12.026473959990414,12.044343529337288,12.041769582223168,12.043056555780229
11.959804964564984,11.96591169597114,11.952712098966426,11.975079946353206,11.940903663635254,11.926606833011096,11.91450885399653,11.951241824904223,11.958948985230888,11.955095405067556
12.355614426402173,12.354831456503707,12.349050681053285,12.346717220572556,12.3461275100708,12.318887103028784,12.330572250836466,12.346772572877143,12.34807831323915,12.347425443058146
11.98994524888546,11.99662145915795,11.992539845546634,11.96807258288621,11.95776653289795,11.971743492206539,11.980104271399155,11.978502019045344,11.974535658721837,11.976518838883592
11.815258608579452,11.823209587619582,11.833706473048096,11.8359956195604,11.840889930725098,11.805590002472975,11.835769182424512,11.830224585781808,11.833483131439717,11.831853858610764
11.714441983258826,11.717316755166651,11.755165297541442,11.737816679504842,11.82873821258545,11.854334045221233,11.83199856092269,11.766062438287694,11.763114298545794,11.764588368416744
11.83825005145516,11.838338626430838,11.83539288356761,11.886609343254245,11.901305198669434,11.88173607261361,11.883744996545255,11.869649643270986,11.875923483954493,11.872786563612742
11.480371580738248,11.482311890016922,11.482056660219442,11.495017416099078,11.498167037963867,11.498118083750686,11.515263101631836,11.49422620528999,11.493228822568312,11.493727513929151
11.901774283794447,11.896053761318457,11.905590849345291,11.8748774249762,11.837135314941406,11.869309539648372,11.899217057394942,11.881811568485091,11.87195559919946,11.876883583842277
11.744301355013897,11.747738465140555,11.739920958075288,11.741012826259787,11.705137252807617,11.711801052839444,11.714691557460224,11.730576291336416,11.731249969868438,11.730913130602428
11.825030789199811,11.840365355715308,11.823074310318585,11.824481011759206,11.769022941589355,11.787485078891176,11.762680717237355,11.804316163100207,11.809826891348672,11.80707152722444
11.992226366187275,11.981929800419445,11.987289048044525,12.002952843833251,11.86123275756836,11.862201795121669,11.833267857436898,11.934321925089048,11.946019141736887,11.940170533412967
12.014984528645224,11.995226081196865,12.018279825492371,11.993966536294046,11.988852500915527,11.967490264051325,11.988099084514687,11.996225746313272,11.9925427337548,11.994384240034037
11.706633376981992,11.742191670795592,11.826221190426764,11.809171426989197,11.701951026916504,11.663766030210803,11.644935809590711,11.720976662254799,11.748415669533765,11.734696165894285
11.845565381067034,11.858974459782603,11.871771783887901,11.85369633670507,11.782211303710938,11.773091655493968,11.776763769751206,11.823442250203371,11.83033084059214,11.826886545397755
12.126005623328714,12.141297203045317,12.113673733217155,12.118054222665492,12.077715873718262,12.055029755883535,12.106566214669103,12.11392782748538,12.112921210761183,12.113424519123281
12.247890464085307,12.263337579029438,12.251551626711507,12.237373785105044,12.18542194366455,12.201262714736227,12.207025584448543,12.228209871266579,12.228640696412587,12.228425283839583
11.778617523972606,11.79319882895966,11.775904533092604,11.771036493600072,11.749770164489746,11.792954199701851,11.80734075721304,11.779992753647026,11.773834129474697,11.776913441560861
12.319647984169423,12.30860901192509,12.378237731514233,12.378259487253132,12.352766990661621,12.374061305469835,12.346250287372499,12.341106752276353,12.347836057102867,12.34447140468961
12.08244255557172,12.098365606465505,12.091794219713442,12.085351022096281,12.071118354797363,12.073748303406616,12.09194583990555,12.085844675767284,12.08563209484969,12.085738385308488
11.83120083955412,11.841758721643732,11.845594046995997,11.848982759791356,11.881097793579102,11.882550487160108,11.885741347821362,11.857756292477934,11.858127964255091,11.857942128366513
12.184710764352852,12.174501739764239,12.181463996053337,12.162130862868484,12.176502227783203,12.170230461614587,12.213887822253668,12.18234668340449,12.173051408831675,12.177699046118084
12.08147367805833,12.096020436227242,12.069723544454517,12.013425279523146,12.051739692687988,12.062196997520664,12.07262176231729,12.0630561697628,12.05306170752388,12.05805893864334
12.052515623174317,12.046336953360036,12.047264123150136,12.034626272374485,12.029672622680664,12.046769696168774,12.01343677491994,12.03531764930189,12.035539490298353,12.035428569800123
12.079352327812483,12.074614583725628,12.028223417552086,12.047983209140828,11.958989143371582,11.924160367490597,11.923717987393813,12.016931450288869,12.023346295734033,12.020138873011451
11.914033985806036,11.895808638553596,11.900490712245777,11.921857149315757,11.795361518859863,11.82714752262561,11.806586119846932,11.866729482476437,11.870936632309588,11.868833057393013
11.876815590693301,11.882237000278092,11.8859488708011,11.89018637751667,11.917474746704102,11.921233832111822,11.896913691933891,11.892725481425211,11.895969384253515,11.894347432839364
11.914758168912416,11.934356218890606,11.927928215631573,11.934036790256808,12.028707504272461,12.026788659756784,11.990445497631312,11.96046083599272,11.964547391425686,11.962504113709205
11.873193680756783,11.882435329109951,11.893405045323496,11.913451517286646,11.80245304107666,11.803576611979976,11.802597069070037,11.854826127460015,11.865711838310094,11.860268982885056
12.406916785332983,12.41755903104139,12.420057874418454,12.398854236342341,12.401935577392578,12.439909613646503,12.433741278801701,12.411801381782201,12.407486173586772,12.409643777684487
12.09370735217009,12.083964200532236,12.090134730908602,12.06185844222888,12.082451820373535,12.081074161151363,12.091481313325945,12.082692625726137,12.07623433994706,12.079463482836598
11.804368214847115,11.807511625412346,11.744923752489179,11.768659562474546,11.761846542358398,11.763221779908138,11.762548893870719,11.780986967792625,11.778203678192861,11.779595322992744
11.88868989638444,11.900626523417014,11.880613714333897,11.872714890425087,11.846832275390625,11.868124032791691,11.83640253893376,11.869053224910186,11.871691860733282,11.870372542821734
11.861907432639317,11.875152669813223,11.819457144661863,11.842338358104671,11.819669723510742,11.813742428356932,11.879497572666262,11.855713151346844,11.848034195408722,11.851873673377785
12.226371427389935,12.219550293983751,12.197029907481635,12.21249067880968,12.224931716918945,12.225168072922871,12.200729853912943,12.216814794203051,12.217518228122161,12.217166511162606
11.828883875132385,11.819106941067373,11.836420897288024,11.87245786228068,11.797487258911133,11.782683596958993,11.826338290164456,11.828854845511206,11.83201231898678,11.830433582248993
12.456608485060773,12.459116889011025,12.46074057964036,12.458621898224822,12.434061050415039,12.46866622529004,12.425437356996836,12.4467691359417,12.449796309331568,12.448282722636634
11.690223282035133,11.67448345617969,11.715856799628774,11.727754818198095,11.736272811889648,11.779882066118802,11.763564810755849,11.718459835811684,11.71603923502127,11.717249535416478
12.048667895779918,12.03342703167449,12.064232765771898,12.051472191471381,11.997349739074707,11.979456965427225,12.023657510141101,12.03091487362832,12.028839711363553,12.02987729249594
12.3578182886573,12.371784427891525,12.352851980567081,12.35337856415568,12.3080472946167,12.310016782276701,12.312074843948785,12.340620683853999,12.34359395429272,12.34210731907336
11.540158874562666,11.517405705312289,11.546452503555003,11.571953790556485,11.588835716247559,11.547812861351096,11.55767094698508,11.555205006732816,11.55931011833026,11.557257562531538
12.132390047549437,12.130322456542366,12.110460938816153,12.166886161464426,12.137728691101074,12.127040803315612,12.09559771118754,12.13258501356897,12.143206945209563,12.137895979389267
11.66766412189468,11.682924161068179,11.65374692810296,11.624027851663637,11.678305625915527,11.68702185404066,11.705705812588286,11.671725514626063,11.662322097468234,11.667023806047148
11.718616609470612,11.783616045508454,11.738679068615,11.754343085228411,11.795540809631348,11.758699879005283,11.77732320865821,11.765887951699408,11.77641671109884,11.771152331399124
11.437414704509065,11.440102878832144,11.475792384582975,11.456170279923617,11.410965919494629,11.402848212169907,11.430583823417004,11.435047521235294,11.436825423373357,11.435936472304325
12.680416971199227,12.67366597747828,12.65342097467586,12.634248798845459,12.667828559875488,12.661576930063466,12.672777970352,12.66578765555009,12.658146374805941,12.661967015178016
11.827354891890113,11.809638225353096,11.815403068513724,11.830235919892068,11.829268455505371,11.808588994954128,11.852335795004056,11.82976665752894,11.824969227197688,11.827367942363315
12.751050605882075,12.747204496405066,12.73912558717656,12.700500553692152,12.712756156921387,12.69830943855009,12.731746836213704,12.728651729822879,12.720088329643882,12.724370029733382
11.935757084280512,11.92260477225732,11.930885712664963,11.954720588001594,11.919970512390137,11.909816297224664,11.93262137812223,11.93313486701036,11.933677585971758,11.933406226491059
11.811383466117595,11.826938840387553,11.844956333917231,11.817225420946986,11.796270370483398,11.805272814814103,11.862231727589545,11.822809965105016,11.81682392399507,11.819816944550045
11.905974758954995,11.89807743752898,11.903330370939717,11.945053262613206,11.93544864654541,11.891076532500838,11.894687330990001,11.915848287326519,11.925021938581835,11.920435112954179
12.283885460499523,12.282012135189623,12.26951252204471,12.250106807135577,12.25560474395752,12.278550460299927,12.296242073284148,12.273570244013278,12.26411670076337,12.268843472388326
12.066120710429354,12.063738270198423,12.065717349746652,12.047983913682552,12.072851181030273,12.087246677848906,12.080847179301315,12.066308250928385,12.061835762994345,12.064072006961364
11.736863318111592,11.738877789370651,11.749328978154985,11.681412130832408,11.685077667236328,11.693629167250899,11.67437980564116,11.703322142238427,11.699581489051543,11.701451815644987
11.562734779079012,11.561367190242635,11.603592395913704,11.630165885723681,11.656292915344238,11.66045545886449,11.664370373827163,11.614986228843346,11.618661685938607,11.616823957390977
12.472144200860528,12.474971595676756,12.413253668084664,12.432402487726645,12.506742477416992,12.543251673812955,12.466582992785119,12.470568750893209,12.468678944096956,12.469623847495082
11.961163287465546,11.964684091585372,11.940846738081966,11.918366299988369,11.974555015563965,11.973865357327425,11.95915324291616,11.955584387503883,11.9509755603974,11.953279973950641
11.896603787049497,11.904769168264847,11.920988107807013,11.889209343941301,11.831894874572754,11.845131710340231,11.802290974514698,11.86495362966862,11.87245360171934,11.868703615693981
12.596402169056478,12.580652263055205,12.612006197027863,12.572799644438295,12.689326286315918,12.649509046640098,12.63200678540531,12.614237429654242,12.61203094506224,12.613134187358241
11.94482484242253,11.949141676308015,11.949404532445806,11.969125594390086,11.979910850524902,11.946021180800713,11.977344023025335,11.964069397334173,11.966598665252645,11.96533403129341
11.640169078068169,11.637906712411038,11.626916174390074,11.642717364853713,11.635778427124023,11.64359099035108,11.657724932010908,11.642859302893571,11.640141633945056,11.641500468419315
12.01420326308472,12.033560368927937,12.008076458679078,12.049119122745195,11.99659538269043,11.984260307497644,12.024863639743558,12.023668355438367,12.027911436813262,12.025789896125815
11.884532926090909,11.903395274800966,11.88817856848836,11.899345422440332,11.86668586730957,11.866910643234364,11.880392955083106,11.886870489144977,11.890118718837876,11.888494603991427
11.920740988209841,11.912086685441476,11.940344576195987,11.953655042855301,11.83694076538086,11.852507990226892,11.890259286198932,11.902736553617283,11.903838752596032,11.90328765310666
11.633940136141979,11.62320819488756,11.635556663879367,11.684194751315653,11.717467308044434,11.697452181376164,11.658706287047787,11.663503335487482,11.673624157435285,11.668563746461384
11.920532950925159,11.938264921029212,11.944801036665709,11.922441162209301,11.973052024841309,11.97497453026971,12.000972674405649,11.951052746682127,11.946360573381455,11.94870666003179
11.299972499890155,11.331435417672685,11.346137473702726,11.47603221774643,11.388177871704102,11.309851758885369,11.417203193705376,11.38256424014375,11.40331582718677,11.392940033665258
11.797092821324155,11.763542367230732,11.774920475106542,11.84129380464252,11.826314926147461,11.827506324890994,11.80661278737285,11.806971341343544,11.81125311639327,11.809112228868408
13.053859583679442,13.045541350976848,13.110260478466083,13.120381250300685,13.090001106262207,13.072849344555955,13.052778044801038,13.072512267204045,13.084890484074311,13.078701375639177
11.799116405400758,11.785890059713433,11.786618944786545,11.80865361514678,11.79966926574707,11.80212931232347,11.818942217914786,11.802454312784565,11.799738754218955,11.80109653350176
11.649942698550253,11.64843746569459,11.630262739005687,11.665212820827527,11.636820793151855,11.644357022259957,11.594340342005856,11.638950824046017,11.647814160271915,11.643382492158967
11.940127811277158,11.950827973722454,11.900167910010715,11.891890573558523,11.904230117797852,11.879597832481934,11.908575619755997,11.919130419222398,11.91438178422165,11.916756101722026
12.095800992776553,12.101561107771603,12.103702257638313,12.094386131297389,12.104092597961426,12.109894456972736,12.121489992898296,12.103466164541054,12.100941898892062,12.102204031716559
12.403217092766557,12.421199518355866,12.40490692980866,12.464213052652404,12.357598304748535,12.357025693400463,12.380229658466794,12.405291525398031,12.41564223640434,12.410466880901186
11.679243897967737,11.652569407804398,11.689273303006765,11.715596888896643,11.688803672790527,11.692975082841293,11.666878507931187,11.680618475078099,11.685842960269024,11.683230717673563
11.69303104704469,11.69981535984766,11.692257239848608,11.684971906084847,11.76203441619873,11.760208117742597,11.76590284111501,11.721151114058188,11.716307378357975,11.718729246208081
12.502034672924148,12.493009819237285,12.493688066127277,12.49807003833311,12.45970630645752,12.441699117537533,12.474774332308696,12.485519033852153,12.484176256309823,12.484847645080988
12.312165918201028,12.329466646259602,12.29956318178806,12.275084347113449,12.42769718170166,12.424000810046538,12.386526537434237,12.346188126141996,12.341903507299625,12.344045816720811
11.713849966401192,11.708138512011724,11.737649145171943,11.735493564896919,11.747159957885742,11.73740139640933,11.755386115192639,11.732005623277644,11.73165386682027,11.731829745048959
12.07179639101993,12.069475348546625,12.088277286530865,12.077445641013266,12.122391700744629,12.087776837656792,12.098135056629257,12.087848827590742,12.089096349837114,12.088472588713929
12.011218249314807,12.006125712772226,11.95287527455703,11.957860868753261,11.89724349975586,11.889124190011637,11.941528529724314,11.962795372064093,11.954270753721703,11.9585330628929
11.978541490591132,11.972606504179977,11.971002089364237,11.94777961426243,11.955909729003906,11.948865285299505,11.937706743344162,11.958508816276321,11.957091972932862,11.957800394604591
11.5221350398834,11.548170014624027,11.560440010060136,11.605695001346742,11.533822059631348,11.519336973914355,11.52567607121607,11.547099637340317,11.562877780288076,11.554988708814198
11.983479688519605,12.025743840570636,11.927116538089352,11.896081164797321,11.951952934265137,11.965263663500204,11.901541079663694,11.95175974156328,11.951957511342435,11.951858626452857
12.068047995964976,12.068301193411028,12.0197878505357,12.039176114252468,12.045145034790039,12.072252557060837,12.081574148975664,12.060448897478835,12.052253813727365,12.0563513556031
11.354328619404406,11.37593960161393,11.376708641637709,11.34309926145696,11.395124435424805,11.393423180641504,11.391199380189434,11.371938259617906,11.370832871083874,11.371385565350892
10.830659638240428,10.728888749974134,11.012330637962947,10.977379673185224,10.961906433105469,11.105956246989896,10.983264261379762,10.896419751177003,10.89748413451953,10.896951942848268
11.879988378514819,11.850434342342112,11.835832128956035,11.883967899953523,11.801210403442383,11.827474653461463,11.827662409639762,11.84865268677852,11.84674185050292,11.84769726864072
12.428086471512199,12.438624504205405,12.412045902763502,12.424949970469465,12.475255012512207,12.475315828923058,12.478885282270152,12.449160248193888,12.446685663073723,12.447922955633803
12.167944569353347,12.159826342964482,12.165417447927075,12.105517214240082,12.05954647064209,12.057947126796787,12.07754046382458,12.114075012204918,12.107283295507063,12.11067915385599
12.164334161205677,12.172500062929204,12.16614581619364,12.180652679802401,12.177850723266602,12.174202019974874,12.155799714661327,12.170227468373042,12.175907631120504,12.173067549746774
11.960961383122392,11.964962010371641,12.184599201559166,12.13361088989364,12.054180145263672,12.039959490386895,12.04139277731857,12.031021441193985,12.054013465108866,12.042517453151426
12.11823160176822,12.111537123589626,12.122471109880115,12.09631413003557,12.093706130981445,12.109525231776937,12.097249184810298,12.103407634237033,12.100266284248999,12.101836959243016
12.152201930337629,12.157804909841644,12.169970072760904,12.185760064267395,12.170190811157227,12.169506229142447,12.11835919106746,12.156863381334272,12.168825886538277,12.162844633936276
12.250531379234992,12.247200970920405,12.245417778454648,12.247820879990291,12.236044883728027,12.214814320900116,12.245139556060924,12.24534753398693,12.244102591525298,12.244725062756114
11.926940297754724,11.92699395195986,11.940376146483047,11.895713259443191,11.883485794067383,11.920832798807778,11.931913464502447,11.913009353545522,11.903874958685648,11.908442156115585
12.621599461626232,12.61892886979093,12.604436440021532,12.599722805139832,12.584009170532227,12.559882905754959,12.584909747372889,12.601834010892421,12.600214942239505,12.601024476565964
12.050950644527282,12.060398717941993,12.077697726007418,12.075298878201503,12.09734058380127,12.126557106060567,12.081453749915648,12.07308851487754,12.077425405966611,12.075256960422077
12.406708875272574,12.40530045247161,12.403588093027757,12.379944849431007,12.414798736572266,12.414921245379578,12.434729236875139,12.40829643012452,12.4008693694396,12.404582899782062
12.269487654872986,12.291272789019589,12.2862775994036,12.324389596349011,12.356345176696777,12.353579623939615,12.34664573350775,12.317628190089223,12.32474047941264,12.321184334750932
12.307816605583984,12.300868877455724,12.314607289853615,12.285710523688879,12.298418045043945,12.287991732838757,12.29264838608833,12.297092487572172,12.294380212784045,12.29573635017811
11.6950071171831,11.702247887853318,11.717572579886145,11.749611906136264,11.696065902709961,11.689431632530733,11.669181868676826,11.702422936511894,11.715118548663014,11.708770742587454
12.601937968674438,12.567076447783343,12.594438920382343,12.58374665586964,12.629777908325195,12.63674624619874,12.669035856994382,12.610314967529401,12.596837205838934,12.603576086684168
12.159706529344096,12.159164123160346,12.16263423229237,12.153214479922882,12.183849334716797,12.20898872804466,12.208398443567365,12.172866582142298,12.167033906280889,12.169950244211595
12.325099984733038,12.341853306152935,12.318701102970307,12.349502628507702,12.274876594543457,12.279314020719728,12.278968253258151,12.314060153439058,12.321668502772315,12.317864328105687
11.461141968377287,11.446948992903632,11.470837301153942,11.451533088659362,11.366382598876953,11.240904774649577,11.283863511889969,11.401974032141442,11.415931682955378,11.40895285754841
12.111242299370863,12.126578467462512,12.11257686967169,12.1184253361778,12.066482543945312,12.059287264430134,12.111065678339184,12.106758865059135,12.105607494628117,12.106183179843626
12.343868110625596,12.3334854519317,12.347678607995464,12.368311529829407,12.365954399108887,12.351282080083708,12.357222584616974,12.353768415222515,12.356362435842065,12.35506542553229
12.438203179294813,12.44654390107519,12.41932256238081,12.420704148573462,12.4518461227417,12.458534430033241,12.435944119842652,12.438648294305565,12.438397545324454,12.438522919815009
12.34278850024233,12.321999831625947,12.341683210443257,12.362279743994163,12.370970726013184,12.419112011571007,12.368808010481388,12.353369362471403,12.352862245405547,12.353115803938476
12.025058348101467,12.047868766582468,12.045323457412671,11.972410327258237,12.051318168640137,12.040627134958886,12.097226539209395,12.03877642995834,12.02533668137555,12.032056555666944
12.299344081971896,12.308250642807982,12.30736287725751,12.325483025904973,12.322005271911621,12.322024765159835,12.334260180181033,12.317868640555503,12.319743942318027,12.318806291436765
11.730206781897733,11.705096436162219,11.778190096343224,11.743877934800127,11.915664672851562,11.959067814892228,11.909061654810147,11.800781496104358,11.790912720395928,11.795847108250143
11.932863935793193,11.930635420153088,11.885200007024224,11.820520801697306,11.80378246307373,11.7975359593541,11.865266184359516,11.870613761015367,11.851941779502948,11.861277770259159
12.008656948300365,12.008681633724027,11.949404697443143,11.985325354846207,12.022637367248535,12.004616812858334,11.998144935002086,12.004689247824246,12.003886180564272,12.004287714194259
11.890575855508521,11.89360337026744,11.880422838009393,11.86905741140534,11.845788955688477,11.839451302952115,11.85470195102349,11.870745508778654,11.86904206081467,11.869893784796663
11.86933275954362,11.866525756927956,11.848679216504081,11.83321985099818,11.874555587768555,11.884746526134826,11.911607580464327,11.871048307140528,11.859808277167438,11.865428292153982
12.518202941149665,12.53993269321488,12.522333017727785,12.506940121049169,12.554826736450195,12.577618346211501,12.580270534804486,12.54003460533368,12.53501266605451,12.537523635694097
12.228731545486086,12.230568001511875,12.226418815335501,12.229104799642908,12.214372634887695,12.219608709851666,12.243566970785336,12.22926879046278,12.22617950353365,12.227724146998217
12.096713012435274,12.112132987676057,12.108298129383016,12.097114942813038,12.095587730407715,12.079876777231192,12.109533444797545,12.102216423625928,12.101986583467317,12.10210150354662
11.831369414503865,11.816752969365668,11.84144049443155,11.81756204158981,11.820459365844727,11.821162680506124,11.79368496959023,11.81596575217886,11.816746532975895,11.816356142577376
11.672338612084333,11.66904722885058,11.678745118197664,11.696803582276885,11.665776252746582,11.652614657350219,11.684338736157917,11.677660882423261,11.67872082416479,11.678190853294025
11.788776233025965,11.780392563170055,11.773422734394378,11.784873877801843,11.714176177978516,11.73636517525626,11.736457719102082,11.760935314215693,11.7604264894908,11.760680901853249
11.934076191310623,11.959157077421901,11.957388325584972,11.988038241508598,11.975696563720703,11.988331325451218,12.000340364097491,11.971461687611864,11.976413554838441,11.973937621225154
11.743516637699981,11.737622240677382,11.837341250456983,11.91385010538724,11.824113845825195,11.861826818649043,11.745171573627363,11.792854880643432,11.824511579484609,11.808683230064021
12.016111791756128,12.044956043433462,11.972579194750102,11.926887658496572,12.03248405456543,12.056221636756272,12.018485614291789,12.007785032508677,11.998510444249654,12.003147738379166
11.705635582008801,11.714121509397327,11.724622652640203,11.7115841763239,11.848621368408203,11.838070657394397,11.777752906162526,11.751543108460151,11.755474934282818,11.753509021371485
11.746516508059658,11.739116719555046,11.739290556750962,11.771052768927639,11.754358291625977,11.733675190622948,11.727228289002136,11.747654515434093,11.753962626592278,11.750808571013184
12.162705392608416,12.173258948791368,12.172617811427187,12.151518531465761,12.160414695739746,12.169310195341152,12.195592325876436,12.168697978896347,12.163279703792515,12.165988841344433
12.036669305370914,12.042286989499209,12.026737773536908,12.006933231248887,12.024323463439941,12.039186447160684,12.046102331498043,12.0312630642114,12.024992638537938,12.02812785137467
11.627644817475996,11.646251477189189,11.636963008243974,11.67455663642054,11.681488037109375,11.661567797531934,11.667580085553556,11.659504210749732,11.667497610648715,11.663500910699224
12.498420073577726,12.470270171130187,12.48890581021491,12.502340201708979,12.525324821472168,12.510750312026675,12.512473127854005,12.501765679148612,12.499731549401425,12.50074861427502
11.99686108364009,11.979532905482875,11.980948313360837,12.024287162499386,11.95467472076416,11.982437859974745,11.943472380203383,11.97976565051798,11.985966720620631,11.982866185569307
12.49995621837919,12.504274189852849,12.478581619066226,12.517103635874614,12.543044090270996,12.54187789547594,12.522165167739466,12.517308660423424,12.520914297171664,12.519111478797544
12.324054241841795,12.321110043828952,12.311805240556765,12.340305069831487,12.298215866088867,12.297583476444508,12.323613858381128,12.321459815994446,12.321419032626196,12.32143942431032
12.095172766191034,12.101790499366837,12.033975403926462,12.011151046063036,12.063892364501953,12.04688774594588,12.085409685664914,12.071483272357556,12.058254967409102,12.06486911988333
11.936044295057945,11.940563922731508,11.923750210105709,11.882646231721996,11.891617774963379,11.876503647075833,11.949422366724624,11.92005891823989,11.906795455491828,11.91342718686586
11.831021451933271,11.818951339394378,11.849791774739886,11.833241129031775,11.820839881896973,11.82682955306564,11.84186538484542,11.829183837420365,11.825835510317983,11.827509673869175
11.226518275612998,11.235714477510511,11.206976651664384,11.290441788688698,10.987099647521973,11.007280353674844,11.051187530774436,11.158192344021725,11.172869764792747,11.165531054407236
11.760146919754764,11.745149354399667,11.70240241612296,11.75879177206092,11.802108764648438,11.745291091571898,11.768680644151017,11.766975491002963,11.76761301411954,11.767294252561252
11.350891150879646,11.36038991146214,11.269301389570966,11.390320175231214,11.314011573791504,11.215858766342139,11.287021141713758,11.340526790615652,11.353287950487836,11.346907370551744
12.051085273464567,12.075483643916405,12.059478145367375,12.10122513206683,12.01383113861084,12.052076105644941,12.060398143667081,12.060404666345146,12.065955073939282,12.063179870142216
11.67386028875228,11.677251181159276,11.689634213748672,11.703934030177978,11.72380256652832,11.715609745657881,11.697253975749021,11.695220408473375,11.701091938368805,11.69815617342109
12.274154024371631,12.26561887459369,12.25461927650426,12.237519015524528,12.288506507873535,12.281718512504238,12.271245276468719,12.267408739766422,12.26266746146768,12.265038100617051
12.049090017030062,12.061143925030377,12.048009743641089,12.074250222153971,12.09418773651123,12.110896485200316,12.074986513835775,12.070731682912285,12.076004133918527,12.073367908415406
12.071033265210968,12.06567255146744,12.066182706563493,12.052345776406165,12.028558731079102,12.03023387098151,12.041658359961323,12.051853736825,12.048974006483974,12.050413871654488
11.43084022955015,11.409320294882043,11.448297115407271,11.38004250225272,11.331111907958984,11.304703490852663,11.348543585481114,11.379971704025003,11.373118207931892,11.37654495597845
12.176787059163821,12.205134273266882,12.177514910484245,12.188329216113765,12.13725757598877,12.133724954919902,12.199768663586243,12.181455357623896,12.17950131201815,12.180478334821025
11.539476647107417,11.533706434204127,11.556778315661852,11.634389440155822,11.644059181213379,11.652375361097617,11.58612767325214,11.587551875186577,11.603615770491531,11.595583822839055
11.803211700022672,11.789325544076512,11.804740548860883,11.833544946575941,11.822683334350586,11.820176990166189,11.80547330061763,11.810847765128667,11.815300250604835,11.813074007866753
12.174542413681118,12.154048558048848,12.18205250126712,12.10770352098988,12.099783897399902,12.100888712412516,12.0994646446979,12.12710860696353,12.119092063102439,12.123100335032984
12.653760590956699,12.658902200849088,12.648811616727613,12.65814643120833,12.686530113220215,12.66183967735538,12.694492434785568,12.670366354203981,12.668633444457052,12.669499899330518
12.050019876956197,12.046331047909982,12.063899323188451,12.058253090271599,12.005407333374023,12.01068698162525,12.034496939985742,12.03890165769951,12.038091919081673,12.038496788390592
12.445179152576799,12.442480847794993,12.44110153397393,12.430348961062009,12.434700965881348,12.430838188308732,12.445916180252498,12.43972522151353,12.436208053132876,12.437966637323203
11.761857010527022,11.771887154302426,11.792811412388552,11.774130482619956,11.714303970336914,11.71469291681217,11.727294427511803,11.749894609059625,11.753571433246496,11.751733021153061
11.735292313480672,11.755980542211612,11.664609538816006,11.724769266305548,11.711222648620605,11.751439565984155,11.685575410469742,11.722568036217636,11.72811663131936,11.725342333768499
11.76352506885122,11.789200089416525,11.789427237579261,11.759923193835954,11.768270492553711,11.758508253197235,11.777189036687467,11.771621576268977,11.772256422279092,11.771938999274035
12.873690588528904,12.858383038714386,12.924130587471495,12.915056614517038,12.866671562194824,12.88434951631155,12.933203368194889,12.889401034430009,12.884974073906278,12.887187554168143
12.145745377811634,12.153672601639965,12.174179355984352,12.170926656213915,12.168248176574707,12.17372956767681,12.147048298065352,12.157128222061115,12.16349738812241,12.160312805091763
12.223034539072719,12.214156354096394,12.174066345245922,12.171997000152915,12.157292366027832,12.162787808504447,12.18297883205218,12.189891818280408,12.18129129442082,12.185591556350614
12.633865718899893,12.636475921794919,12.644801832817912,12.660714470751557,12.62667179107666,12.60606006926514,12.622142051154693,12.635973990735543,12.641312479280238,12.638643235007892
12.119881850868328,12.101450366485434,12.18946505381993,12.168131995965004,12.108894348144531,12.088691512360796,12.155678543861589,12.130807421064977,12.13009641296914,12.130451917017059
12.212297686269409,12.223165228997429,12.22843283797937,12.21872557489711,12.143034934997559,12.150406132819022,12.164398419494214,12.192324368931144,12.195223847861582,12.193774108396363
12.07971227197446,12.07160431870676,11.999638257693555,12.020213046733499,12.018013000488281,12.0242515080737,12.046787607447131,12.047266049070027,12.036817756268835,12.042041902669432
12.7659376588207,12.784889305243892,12.786484700178013,12.764564185711615,12.790766716003418,12.786166311194739,12.834563112248148,12.788144195605556,12.782367667263404,12.785255931434481
11.635156821486268,11.65604626166915,11.666882745170675,11.71654213581211,11.65389633178711,11.621742691366633,11.613948937336234,11.655118097618175,11.674138765668404,11.66462843164329
11.811405126330857,11.806086190200768,11.795183536328649,11.822978890857009,11.824170112609863,11.813572800237512,11.822141271045503,11.817356318208802,11.81811734683462,11.81773683252171
11.999421572602222,12.003274576985156,12.019551885535924,12.03783466084724,12.000189781188965,12.01144995406884,11.998711415720265,12.00788640146877,12.014220015088153,12.011053208278463
11.295023773505886,11.295327339878542,11.315797914450448,11.344220014810968,11.252284049987793,11.274329644972017,11.30801611232493,11.298974258101623,11.300857145441292,11.29991570177146
12.154404296331103,12.160375426442554,12.141832360227824,12.140423123022426,12.1297607421875,12.11894714645202,12.124255143373123,12.141843746271341,12.142510032649977,12.142176889460659
11.069831874326205,11.092908190421367,11.13907907190157,11.267488833097936,11.017375946044922,10.989813280202366,10.898581675684067,11.0692373039149,11.121001622570063,11.095119463242483
11.246923262545808,11.245260640670102,11.310040180370613,11.324207183398084,11.358516693115234,11.321161618453438,11.345167873314086,11.304015130608663,11.311174585248013,11.30759485792834
12.422165331806857,12.419773494808116,12.400104632642837,12.382087870992809,12.399059295654297,12.405764351789994,12.444787143555414,12.413574627363499,12.402116783047632,12.407845705205567
11.929510692021125,11.924904541966733,11.91564139151626,11.897714191790737,11.920947074890137,11.918195132639859,11.903028584894706,11.915221017112689,11.91297351915145,11.914097268132071
12.143930938136835,12.144064901626324,12.145088081833926,12.160344529299131,12.156046867370605,12.160042833622038,12.153942190000517,12.151665885286683,12.153772346855046,12.152719116070866
11.876291692957576,11.85886967029045,11.872248951927798,11.888467288234391,11.790964126586914,11.800044054424426,11.813215236024062,11.845561602818679,11.847109893874315,11.846335748346497
12.029443801673755,12.045819672100576,12.031532461620774,12.018192166476062,11.983176231384277,11.987071872786501,12.00824276719202,12.01697492776534,12.0160109974017,12.01649296258352
11.355041993866138,11.407877273717736,11.406311077406453,11.400609121948387,11.379766464233398,11.422798800743227,11.404243143294433,11.389507599412019,11.397070866937906,11.393289233174961
12.346836343881751,12.336865972557135,12.322187543856545,12.32789520993356,12.326065063476562,12.30408586104863,12.331189404389601,12.333770398847722,12.330300846450035,12.332035622648878
11.631574230309214,11.631930493134135,11.765162073225929,11.676395257200621,11.659849166870117,11.581619663682282,11.674018373175437,11.654753504137904,11.657952715833813,11.65635310998586
11.716557829226112,11.71037565915326,11.746058953470353,11.788362199869333,11.638157844543457,11.623257056952374,11.686879398971191,11.708066586352672,11.715614837679468,11.711840712016071
11.595837699755759,11.613718820387179,11.768508702651364,11.690451372129152,11.559142112731934,11.556722792946259,11.547704384866044,11.601370877974013,11.621080702981025,11.611225790477521
12.07735158120133,12.081011093577045,12.101726919828234,12.128896732999584,12.051918029785156,12.071626889490046,12.08663289677995,12.085162066868614,12.08976930671557,12.087465686792093
11.326674884088387,11.323771634936682,11.344810736196223,11.380446998276478,11.460150718688965,11.525796963104474,11.403702126410185,11.37894927248014,11.387342179251657,11.383145725865898
11.69939663710246,11.714131312659882,11.702005508722191,11.665229823728026,11.732295036315918,11.769518567397103,11.748220304064056,11.71185462277407,11.70421349983145,11.708034061302762
12.21604992641203,12.235246928602088,12.246104117055129,12.240668301216028,12.294758796691895,12.28112006552599,12.28302727239147,12.253950245062704,12.256984267798526,12.255467256430617
12.305588719037328,12.304262060369776,12.301075912617073,12.300907704470568,12.317354202270508,12.321399539845746,12.319754480059771,12.30957343324159,12.30774436473003,12.308658898985811
12.15965721263864,12.178138533637787,12.135113333695891,12.141478004691159,12.11943244934082,12.091582989481395,12.160420120588327,12.151825264179347,12.147458790553515,12.149642027366433
12.013351911830897,12.02632077863251,12.036421992629144,11.980343844298087,12.013980865478516,12.031194768056762,12.048371137698423,12.016473707587688,12.007986599084894,12.012230153336292
12.148293394746876,12.150218366259992,12.151782451453048,12.15506373534965,12.187251091003418,12.179904571611313,12.167517232648144,12.161668764001618,12.163531917833096,12.162600340917358
11.974683236514288,11.948513675642019,11.951815038411294,11.977197486739545,11.894083023071289,11.890216851872454,11.894111042165836,11.937717692826595,11.939780361174032,11.938749027000314
12.225064492251638,12.230990422341906,12.218717734071536,12.212519088700049,12.182557106018066,12.176330798853751,12.17996685769793,12.206219593401919,12.207668078714912,12.206943836058414
11.648994991996199,11.640174986107068,11.631851720120952,11.621932072781064,11.66336727142334,11.655641922637773,11.623849538768052,11.639663772215144,11.639475146180406,11.639569459197777
12.152013602590367,12.13916849894505,12.158996966957348,12.171252662556775,12.131772994995117,12.14903592847263,12.124576191780042,12.143756790173471,12.147425613162245,12.145591201667859
12.630096922082604,12.634327027938834,12.620446242180401,12.564201907682992,12.591377258300781,12.64167207079791,12.649481685551324,12.613896960311308,12.598371798451033,12.60613437938117
11.668032109443327,11.675525461569144,11.708151031781924,11.70696548355399,11.764458656311035,11.768008994253556,11.746282950589723,11.712252932293445,11.716139969451604,11.714196450872524
11.8562958846026,11.859288596629021,11.84750477383185,11.87538853700445,11.888442993164062,11.87191174986071,11.865579023843406,11.868999007048707,11.873640532169528,11.87131976960912
12.613283552981404,12.59949829687163,12.633610965779916,12.590696813440378,12.731474876403809,12.740498372915845,12.655556600347916,12.638102028009028,12.637493197048322,12.637797612528676
11.699766584627843,11.68238505523888,11.708435905098392,11.671868048530659,11.78067684173584,11.777689319104,11.760010549988396,11.718941416024325,11.711396720648679,11.715169068336502
11.700629410701875,11.697717061703667,11.698266530512335,11.705043927228989,11.669304847717285,11.706013568800458,11.681121780309422,11.690763405532246,11.691173539624437,11.690968472578344
11.827743477354009,11.785373268736157,11.803101196391069,11.82815231964486,11.838387489318848,11.822079752162377,11.816877256141677,11.81930676223911,11.817371934293128,11.818339348266118
12.247553096710131,12.222434204323372,12.222333343907193,12.215234825012312,12.195499420166016,12.166297435757958,12.218020353060277,12.219748379854423,12.21194296692914,12.215845673391783
12.663644072221976,12.66873238824346,12.686392836743332,12.61908793194884,12.675678253173828,12.683272110885344,12.682584661353967,12.661945461388415,12.654157074717306,12.658051268052862
12.372717173157039,12.370038310030838,12.346383048352687,12.385106703620249,12.362089157104492,12.37217411631946,12.359854653951928,12.36996119957291,12.372439553593102,12.371200376583007
11.694470259273798,11.714696009939281,11.72755236810574,11.673441430337085,11.76550006866455,11.731339583336617,11.737098592303102,11.717041272103565,11.716116991440916,11.716579131772242
11.278499145232049,11.286580565390446,11.29936094951249,11.369891005769812,11.329791069030762,11.318716019731324,11.334948217472474,11.31994200057911,11.330945466224254,11.325443733401682
12.648808068691876,12.635173863756588,12.675620311560136,12.682443592441913,12.673460006713867,12.668733887829587,12.70170514029344,12.668318134379538,12.666578132940426,12.667448133659981
12.419598465055731,12.421956637943,12.438470088531929,12.453695574266064,12.471592903137207,12.453366434339832,12.461269614446993,12.445622638969798,12.449581291524456,12.447601965247127
11.444469409486867,11.494573359591753,11.62591451083668,11.56824839655357,11.540815353393555,11.589032584791571,11.565094669504724,11.522640237706094,11.53773137302668,11.530185805366388
11.22277247720633,11.224583020457146,11.232952906704227,11.205277520736853,11.198296546936035,11.19959284076634,11.261927869003888,11.22257148686805,11.212485862563089,11.21752867471557
11.898487479045698,11.899102695629383,11.888551114427106,11.895230150850848,11.87649917602539,11.88150665906906,11.880835669691395,11.890031034248544,11.890204834667593,11.890117934458068
11.99181066771965,12.009561396157677,12.01456876250238,12.029047736330664,12.064461708068848,12.060427257685134,12.058514540854045,12.030679209826177,12.034969607668272,12.032824408747224
12.222259323036623,12.204647357416906,12.203026920979113,12.22029801369948,12.187088966369629,12.17830067535951,12.148074244653541,12.196473581035237,12.201783950748123,12.199128765891679
12.475408124721175,12.482615015513836,12.460251994680181,12.45238284946255,12.454548835754395,12.476621839427576,12.499642498154525,12.472919464721297,12.464994018858755,12.468956741790027
12.718223413528873,12.727529524361193,12.643016121066264,12.69138219226562,12.670896530151367,12.718576061716291,12.682842405432266,12.698174813147865,12.696043637490433,12.697109225319151
11.76283587138192,11.741738256848079,11.720442540552938,11.763522010231041,11.731945037841797,11.654220858642162,11.69012310553495,11.738032856367557,11.743535404469117,11.74078413041834
13.042712893461681,13.0210861084827,13.04752355221153,13.058143361213988,12.975959777832031,12.983117961897179,12.95047856057866,13.009676140313815,13.01699882375387,13.013337482033842
11.835963823259434,11.851840558392023,11.845402430441712,11.844770789145025,11.868372917175293,11.854398728254214,11.858776780346538,11.851944973663663,11.85450650912669,11.853225741395178
11.85940179544025,11.858091017558463,11.82999610860707,11.888460305983365,11.7249116897583,11.757303247120433,11.76200013428423,11.818572988604922,11.824955949663263,11.821764469134095
11.548018535090339,11.539076235991036,11.559299983582413,11.546077317383133,11.55160140991211,11.528204614673312,11.553094665490244,11.547573632773373,11.545934264876246,11.54675394882481
12.125118694290377,12.135228195041835,12.11792319597743,12.081367719924588,12.157336235046387,12.161081712309233,12.128369379897451,12.125484044840128,12.122306135102832,12.123895089971482
12.17400375582558,12.18623610865488,12.155385935551614,12.094603180337572,12.117262840270996,12.127516650435457,12.152152254761539,12.144851627970114,12.132417514933223,12.13863457145167
11.985939087878029,12.010950101377244,12.00984351049634,11.984869989212184,11.97477912902832,11.969391371131017,12.002505630773598,11.991808787653875,11.990969710861965,11.99138924925792
11.872249993728401,11.89299313639428,11.844077529450978,11.863626482846225,11.857484817504883,11.81646515571442,11.857868890126985,11.868844664120155,11.870489726541422,11.86966719533079
12.464926396254906,12.468689804604931,12.465290690608994,12.460885908832173,12.44462776184082,12.459108764621076,12.481542286701258,12.46413443164682,12.45982080819396,12.46197761992039
12.001115194055744,12.016952867722532,12.008347455484113,12.01842509398758,11.976312637329102,11.971397268012836,11.988903443892788,12.00034184739755,12.004187840543793,12.002264843970671
12.309484657249781,12.31918879519838,12.314593835351227,12.304328408257481,12.256836891174316,12.238182244611485,12.275642347609192,12.29309621989783,12.293582492847722,12.293339356372778
12.45641457604681,12.442950670180617,12.444365938823669,12.433405593720195,12.347665786743164,12.371586424347724,12.387068124650384,12.413500950268235,12.409051685868008,12.411276318068122
12.775051783982676,12.75939875384534,12.793061107754557,12.79353714225773,12.754638671875,12.778932445317315,12.769762554191574,12.770477781230465,12.770591057502275,12.77053441936637
12.182141020792619,12.20916669849446,12.182245299660742,12.148857482005901,12.147500038146973,12.13931917182224,12.151326749217276,12.167798397731445,12.167012439589843,12.167405418660646
12.30269862069845,12.298287381000229,12.267524736615051,12.269844350756516,12.236970901489258,12.248089838051778,12.233674756390672,12.268295202067026,12.266989926256255,12.26764256416164
11.315791851310246,11.145123184040449,11.376239361942064,11.533264836798162,11.300070762634277,11.425569943743985,11.17278433206557,11.293406993369741,11.326963022370155,11.31018500786995
11.710714968892297,11.693755910302755,11.712370583000606,11.692356200246392,11.752406120300293,11.735174415262241,11.779305031858664,11.725707646320082,11.715071034898662,11.720389340609373
11.695494310085655,11.699788610612863,11.71831827676688,11.687536334192805,11.762928009033203,11.795156859573702,11.753978022554632,11.719945057295833,11.716754284090388,11.718349670693112
11.917209301454772,11.927589976889026,11.909957207447848,11.929273985012824,11.906842231750488,11.91599613111874,11.922716216322744,11.92072634228597,11.921952691811665,11.92133951704882
12.505016243740206,12.476162350718734,12.492195248643817,12.561652866836264,12.586027145385742,12.571458243236835,12.535617071638331,12.532895135663857,12.541026498754311,12.536960817209085
12.070101285373587,12.0690377905466,12.088968539939843,12.06590416111758,12.071980476379395,12.082797404471076,12.099889798816564,12.075382702446745,12.070590508042027,12.072986605244388
12.077816039576934,12.081636923073555,12.092740329449414,12.09820757615317,12.066364288330078,12.057411930472417,12.05120303543787,12.075045572514322,12.08128088546074,12.078163228987531
11.99142473047374,11.985961654421835,11.9936706913082,11.98741158767937,12.129340171813965,12.026252226117103,12.068891796476718,12.032605988173128,12.032383306760298,12.032494647466713
11.801174998461578,11.772755164786496,11.794129105873454,11.798443786543364,11.785109519958496,11.794785506779997,11.771194766767366,11.785735647303461,11.785192552900195,11.785464100101827
11.786672490859289,11.778600663766214,11.787150987463917,11.778788697851978,11.78418254852295,11.780501964182184,11.773679637172949,11.780384807634677,11.779976689656024,11.78018074864535
11.966828355670307,11.981745328468701,11.978075480351507,11.971270885888362,11.997413635253906,12.011904963063278,11.96379721647359,11.976211084350975,11.981514880088609,11.978862982219791
11.564562095979495,11.596866225204856,11.573891252994223,11.557071085902159,11.547168731689453,11.585248344441185,11.578197609167848,11.568773149588763,11.5676133921388,11.568193270863782
11.871550852944488,11.887931515661286,11.874920518374642,11.893085666918836,11.8739652633667,11.895296489355413,11.886555603979001,11.882617780574062,11.885655557079973,11.884136668827018
12.157257854162044,12.158875722708501,12.157742093955926,12.154307211735706,12.178243637084961,12.154407496995425,12.125087479837426,12.154754381105729,12.160844090526911,12.15779923581632
12.173862441206618,12.142926072802224,12.122545480331418,12.14090657535326,12.197381973266602,12.205319502487768,12.191053374116494,12.169226087349042,12.16063161585418,12.164928851601612
11.975992602579147,11.96813257241877,11.974027920958775,12.020370850843646,11.95875072479248,11.933210589470256,11.941581449111442,11.972965639949098,11.982174462730512,11.977570051339805
11.815268152511061,11.796077750106294,11.819565677079764,11.828895628553926,11.786139488220215,11.776778634442115,11.78939892474174,11.803155988826648,11.804326976713568,11.803741482770109
11.859797282590714,11.848426153695147,11.878556004971507,11.874370975106267,11.86825180053711,11.878779830337118,11.8972675339131,11.869622749168467,11.86604441746984,11.867833583319156
11.775135654715104,11.764253656630355,11.785941330244782,11.813582277434096,11.795865058898926,11.788976855527384,11.828254982674503,11.795418326070598,11.794319015262094,11.794868670666347
12.055941974937493,12.052021266022503,12.035226770909741,12.023908082362711,12.071746826171875,12.055596852691524,12.083944816208444,12.057512593140606,12.04969978484555,12.05360618899308
11.716608407047717,11.696272809533049,11.716201253108377,11.748363931950388,11.79970645904541,11.807005901441254,11.789951628603506,11.750180647236014,11.74960988125722,11.749895264246618
12.154703834562739,12.149632174110664,12.150042232127724,12.141382447241986,12.178479194641113,12.179928953895695,12.186715050102489,12.162182540131798,12.157177048361525,12.159679794246664
11.885924532649733,11.884365434562536,11.901078638667615,11.940829731083289,11.896318435668945,11.891574799428248,11.913484490879775,11.904184524968857,11.909256102375164,11.906720313672011
12.08632505242367,12.093551993191912,12.094304342731476,12.087754605083736,12.125142097473145,12.118530909827104,12.10635302455234,12.099825354544961,12.101318635035364,12.100571994790164
11.985777412413965,11.98706184328259,11.963972843589291,11.983954254224498,11.945584297180176,11.954001088690761,11.93840870448411,11.968157302317067,11.971247465320161,11.969702383818614
11.45205502842092,11.474485543378393,11.492207654416902,11.474048126917205,11.467300415039062,11.48940154039939,11.452570534679795,11.464091929687076,11.47099149740258,11.46754171354483
12.467110445285075,12.47691454817178,12.479002962789945,12.50155093707156,12.48440933227539,12.466662813807014,12.468057791209047,12.479608610802572,12.487164776374527,12.48338669358855
11.841291689840512,11.859852851706716,11.847132424479454,11.79815159369261,11.821096420288086,11.82414349807285,11.861810149069038,11.836440540919394,11.827273869580715,11.831857205250055
12.261578419024902,12.262131880074124,12.288591857362556,12.282258448721752,12.275970458984375,12.252949500525107,12.273500543097494,12.27108794998053,12.273804750020012,12.272446350000273
11.338262414391131,11.335539911640858,11.344603510395112,11.376761023803951,11.419708251953125,11.41383062308052,11.369909965350935,11.368036313428,11.376082343826525,11.372059328627262
11.973612424544632,11.974283678014913,11.96462943118163,11.995452481699234,11.95628547668457,11.974381404078477,11.979546271255016,11.975836066439674,11.976847051638485,11.97634155903908
12.048478216454374,12.031155946341208,12.048702896344816,11.971844465035527,11.953764915466309,11.973132216516012,12.006762855668255,12.002401279793135,11.986806908879416,11.994604094336276
12.062406671133493,12.04950882645047,12.013399078187739,12.018240774878802,11.926897048950195,11.93133441552099,11.913118609419909,11.994034386166573,11.995466673473157,11.994750529819868
11.8127666578695,11.801827079698413,11.812130983609984,11.773180546711291,11.803011894226074,11.804909157059646,11.833451422658035,11.804847520232663,11.79399213377392,11.799419827003293
12.09404461189441,12.05406158945817,12.090401376952045,12.100553928149331,12.001107215881348,12.003284452138287,12.03497397830104,12.05694826473686,12.054052205560971,12.055500235148918
11.72888936386955,11.701733161319325,11.660886366829494,11.65958769414551,11.755218505859375,11.730087094590475,11.724579008637889,11.71400154676633,11.703636096290612,11.708818821528473
11.985174651038694,12.001503965783888,11.950436504160407,11.897296732020472,11.97828197479248,11.987150141527009,11.979625746266994,11.968376613980507,11.95710037274967,11.962738493365089
11.678705903650794,11.685346628126904,11.669347179280184,11.659457381399045,11.667201042175293,11.64218402194997,11.652626181336368,11.668667427337681,11.669173025332782,11.668920226335231
11.986678916974498,12.015722502897459,12.01775467450367,12.039966041441296,11.914848327636719,11.92428930471843,11.967764401111369,11.98499603801227,11.992513092153644,11.988754565082957
10.957980769984449,10.966492472530295,11.051979614882452,11.147907302217174,11.095433235168457,11.073548929528616,11.031348903312551,11.039832536642585,11.070709012422306,11.055270774532445
11.664477879604487,11.649259646562934,11.684626931457188,11.696455487136465,11.70113754272461,11.707849457011077,11.697510402787223,11.681768191763144,11.683459558784175,11.68261387527366
11.754989019767033,11.771676071466972,11.767723114959377,11.78963863868145,11.775392532348633,11.766321343156013,11.819674322385092,11.782274116929836,11.781838193092005,11.782056155010922
11.919948917516857,11.964363128760949,11.904663026056376,11.937548510389401,11.916993141174316,11.945732746578523,11.889587688670273,11.92568827730236,11.93703411247407,11.931361194888215
11.60550571559506,11.576544851192281,11.591298035386167,11.635133822230232,11.588497161865234,11.605458870491034,11.595512723998153,11.600238854976192,11.601584459343176,11.600911657159685
12.672825098560157,12.661715771454693,12.684965674501816,12.701605258625937,12.660537719726562,12.662569152324235,12.688683901260472,12.677073549925565,12.676919121280386,12.676996335602977
12.150453041848216,12.162343899267919,12.166595849419112,12.137340960255436,12.094776153564453,12.099147505308387,12.13485725521216,12.135954262029639,12.13263464453143,12.134294453280535
12.414382164105277,12.41219227165323,12.361238622605484,12.399360927864679,12.342260360717773,12.332095095503659,12.3639376102772,12.386426666923633,12.384849813728767,12.3856382403262
11.995804111021794,12.006032229450545,12.014649693966021,12.032093220548612,12.044572830200195,12.041413457140322,12.031220112139708,12.021944500672172,12.02766505490964,12.024804777790907
12.653251772759988,12.646376042275568,12.638147394232293,12.617306407041603,12.660070419311523,12.642119098557226,12.647850705926999,12.644971069463137,12.640209511471774,12.642590290467457
12.104784713121811,12.10715046802644,12.105495629885958,12.115962338567991,12.132568359375,12.124553120299646,12.1404445701712,12.120182089852488,12.119463059436177,12.119822574644335
12.10304828104939,12.12201224236121,12.133423412067298,12.137711318358683,12.160004615783691,12.13327183358648,12.15514613725348,12.135584518961291,12.140326762366971,12.137955640664131
11.74564382539003,11.732174869855793,11.750211973230705,11.710844230439077,11.765328407287598,11.771698081851948,11.7345611272636,11.737710492047219,11.734342638489885,11.736026565268554
11.832422383164124,11.81768713956951,11.839234070588773,11.839316752290486,11.817221641540527,11.812537144857618,11.833209703974397,11.82797152410781,11.826033275234419,11.827002399671116
11.668804246423502,11.64894902144495,11.659880979012287,11.676709648194935,11.62765884399414,11.633199051413436,11.67786579048558,11.659997510108624,11.654262145970616,11.65712982803962
12.663518875879,12.67466538665489,12.661144536362753,12.64887169730223,12.640339851379395,12.633091440133951,12.63612517286418,12.65270419681594,12.65355115835634,12.653127677586141
12.200929921311618,12.19112024228277,12.170183102157559,12.176255959628902,12.073511123657227,12.075988626646577,12.093474086596927,12.14705826669549,12.14652097702249,12.14678962185899
11.778431372470488,11.777315311671392,11.782152818417583,11.75784179053628,11.804803848266602,11.810951128148645,11.805468578139298,11.784772180216812,11.780019889465464,11.782396034841138
11.817406928671174,11.79564073362697,11.835669632182508,11.868001732995339,11.904242515563965,11.914302237661593,11.884525402454056,11.853963462662302,11.857271425865648,11.855617444263974
11.736182552805579,11.724291330304222,11.735411837428504,11.776088738156796,11.715475082397461,11.725791711915027,11.727751422153691,11.735957825163549,11.740098468260616,11.738028146712082
11.60705956728376,11.612824025543576,11.581373962843275,11.667280607414364,11.654374122619629,11.636280595678143,11.66627178186386,11.641562020945038,11.646912120386121,11.64423707066558
12.337904292329991,12.336298477822433,12.307494034618486,12.300365193667584,12.26638126373291,12.278263701882981,12.283106743128544,12.304811194136292,12.300585412546162,12.302698303341229
11.361286841889118,11.390507500052244,11.359081434922862,11.427828742697837,11.33337116241455,11.293810743684327,11.301785910120792,11.362956031434909,11.382012625863169,11.37248432864904
11.512389597127049,11.519167255533546,11.411650665570278,11.4921397373329,11.533695220947266,11.531071073710228,11.53758567099391,11.518995496386935,11.514946470196774,11.516970983291856
12.015943605940105,12.023337840325969,12.03179165903162,12.029930344901498,12.024770736694336,12.019704599681544,12.012129120077601,12.021222329587903,12.02539910458054,12.023310717084222
11.56624411337515,11.5750524714199,11.57429738594795,11.603017996628113,11.627708435058594,11.637965758579178,11.638943024676285,11.60219320823161,11.603660513641227,11.60292686093642
12.209463370056296,12.21321752509785,12.197347733352387,12.224253455828796,12.206875801086426,12.217952945877373,12.224244904014103,12.215611011216696,12.21590991661181,12.215760463914254
12.367996895812906,12.398530171721834,12.359167901904016,12.365288508951442,12.294730186462402,12.362030205580814,12.350344241983874,12.355378000986494,12.354349772162355,12.354863886574424
12.275478693898647,12.28781194482491,12.290093413580419,12.282166143150707,12.253639221191406,12.258581004819016,12.244687368972302,12.268756674407594,12.273524755433916,12.271140714920755
11.747338078064844,11.763654774216688,11.713146583333842,11.754642551310615,11.786933898925781,11.752335236857467,11.783084744303203,11.767130809364227,11.768304537774652,11.767717673569441
11.80735628778294,11.80019297061876,11.815438720629125,11.815144909907836,11.8493070602417,11.830757829131162,11.835267606035279,11.821453766917305,11.821544430756273,11.821499098836789
11.655551297415403,11.623516911811617,11.511841768829328,11.605476848509664,11.540842056274414,11.540184936787616,11.591724351902828,11.603422293182785,11.59166646572264,11.597544379452712
11.776011469244406,11.774811570741733,11.771695314361956,11.77846902869621,11.692181587219238,11.712178264169765,11.775460367761807,11.75938680473268,11.752468015299394,11.755927410016037
12.360718793248088,12.353305153685673,12.357931453633455,12.371206417497326,12.365424156188965,12.391618866650703,12.389099111124585,12.367950726348928,12.365137207307114,12.366543966828022
12.098798890810933,12.086768273552199,12.087134412299605,12.0788473411603,12.086901664733887,12.084630453117617,12.080276916561475,12.086318617363759,12.083653982227988,12.084986299795874
11.563501812422565,11.532373680231112,11.555281559223921,11.563032265274577,11.552127838134766,11.551196686539544,11.539820628468243,11.550171244906252,11.549197049609562,11.54968414725791
11.665198146286121,11.654667377801468,11.70105289994461,11.71820265973574,11.757561683654785,11.730884767373903,11.698243559123286,11.69877468532028,11.708921229384984,11.703847957352632
11.42652233697822,11.43177968014524,11.396159312253383,11.431210214107033,11.423033714294434,11.4382582923407,11.45704227751303,11.433917644607593,11.430555388772994,11.432236516690292
12.248130602985325,12.254599976331667,12.263449417765784,12.217860720090256,12.209870338439941,12.183309238577522,12.20847592575633,12.227787512720706,12.226231370630416,12.227009441675559
11.62649940556101,11.62212225148142,11.647283967797614,11.672848978121138,11.598522186279297,11.611039810758456,11.600431894464974,11.624084943181568,11.631848282502437,11.627966612842002
11.755181795312517,11.76001850233349,11.766872310330807,11.80859742761484,11.764630317687988,11.739541070649834,11.746646149563164,11.767014838502401,11.777558607222087,11.772286722862244
12.169536542121516,12.17908583149311,12.190208163932287,12.177731725614485,12.09473991394043,12.10217049363011,12.112272950912539,12.146673392816417,12.150546006162902,12.148609699489658
12.824984141241059,12.818406317477207,12.846289727467434,12.860211777947448,12.837750434875488,12.88627433274042,12.862470622800291,12.840764658868299,12.84115814911236,12.840961403990331
11.49407019050128,11.474147891357216,11.485253211166022,11.510231367047671,11.48970890045166,11.481978649535293,11.498954204594611,11.493422510790488,11.492685876459735,11.493054193625113
11.454659520281721,11.456272435979464,11.408624410838327,11.452578200087391,11.250885009765625,11.21476248645318,11.347092629804983,11.392297559183836,11.389771305674067,11.391034432428953
11.74039587091149,11.762698931471702,11.752533209874478,11.769099070246693,11.769200325012207,11.733244054099277,11.742931295441844,11.756865098616789,11.765643018782848,11.761254058699818
12.087806993123415,12.082666075673957,12.080835382410154,12.113704618972072,12.042451858520508,12.065568390466419,12.069460144671378,12.079217938192265,12.081240551608193,12.080229244900229
12.123283689896006,12.109468320199257,12.095751934245058,12.116575433540405,12.15195083618164,12.118248340391167,12.15342034606909,12.130939725177281,12.126694993787943,12.128817359482614
11.644886071542757,11.64519534553736,11.69130618598712,11.674495228903744,11.649709701538086,11.633593681619587,11.628248772151707,11.64850702393473,11.655750555494567,11.652128789714649
11.977874392615142,11.97988241840997,11.970127328586305,11.970483578214363,11.847089767456055,11.862111491655869,11.874914458251206,11.930048922989348,11.932419352328214,11.93123413765878
11.640235686112808,11.677738751347885,11.654010728161033,11.669042457704535,11.745369911193848,11.761463566949644,11.748140589049125,11.69610547908164,11.698184736552811,11.697145107817226
11.902992892906225,11.899495821457185,11.905192261281524,11.964183610818154,11.910112380981445,11.918239376688911,11.892983301230748,11.913953601478752,11.924795270442067,11.91937443596041
12.260865895988996,12.255926948096471,12.228471394316575,12.252790453195466,12.192461013793945,12.21630499894864,12.182721124145587,12.228953087044093,12.232368013995291,12.230660550519694
11.691709496144986,11.684872713222978,11.673309164432567,11.68707984556913,11.658382415771484,11.639362935999378,11.623424930090394,11.669093880159794,11.67446087838258,11.671777379271187
12.280994674291662,12.292614316471207,12.306308676070387,12.271767519391313,12.223732948303223,12.245499873213385,12.217407106625263,12.257303313016534,12.261188820025849,12.259246066521193
12.301972578191222,12.306248412128166,12.285272755222561,12.228548208774505,12.193268775939941,12.199723688713584,12.208857160503504,12.247779027107468,12.240997186954896,12.244388107031183
12.187187553559982,12.185530452010179,12.152638992793964,12.160285976260335,12.079034805297852,12.08881540746914,12.090956778315476,12.140599113088765,12.140660476104578,12.140629794596672
12.207552614871718,12.214271861637933,12.206862045462188,12.224981041889743,12.234586715698242,12.232061359442497,12.252429800737168,12.22676440696696,12.226072069463928,12.226418238215446
12.233716335536931,12.251562023341275,12.262065735697314,12.388133302842473,12.415616989135742,12.387646703860339,12.413455333735588,12.340496796918401,12.35582142063271,12.348159108775558
12.140432109587339,12.138820234703926,12.141549878637207,12.17834892062069,12.14285659790039,12.128172046239747,12.132670939536878,12.146625760469846,12.153450985223179,12.150038372846513
11.811756633029278,11.78600675832413,11.794691933602515,11.8080788444741,11.829148292541504,11.866631226230103,11.833188290856327,11.813635763845067,11.808849020923802,11.811242392384436
12.336793655689684,12.362311171142355,12.291010668887452,12.300153614487254,12.30853271484375,12.255802990929292,12.273139198052203,12.31618607084305,12.319933893112694,12.318059981977871
11.71270925515176,11.694843904297931,11.707970536065272,11.730353605598296,11.686652183532715,11.691249037388653,11.689087880293158,11.702729365774772,11.704589446238124,11.703659406006448
11.809142148272075,11.811759393789165,11.782901330086165,11.764006095516383,11.800140380859375,11.80447774483295,11.817453472920874,11.800500298271576,11.792052025764981,11.79627616201828
12.217547141854578,12.199984966666994,12.210317313657256,12.183456154442238,12.19127368927002,12.188169798242157,12.1946046857329,12.197373327593347,12.191390255440517,12.194381791516932
12.296262206959653,12.305101616411516,12.292828942150589,12.31345521067725,12.327404975891113,12.334317369902976,12.31359400410072,12.311163602808051,12.314909445902101,12.313036524355077
12.401227563221829,12.418085068923684,12.37776749476301,12.379310232631289,12.44475269317627,12.435712218485547,12.436208674211498,12.415916846432914,12.413211731387502,12.414564288910208
12.164809736133835,12.172702599645552,12.16574936011743,12.163881724578516,12.173985481262207,12.17687108671717,12.177450697207618,12.170566047765547,12.170260724829346,12.170413386297447
12.224462000852256,12.240819805987678,12.219593001091901,12.2058747715096,12.220475196838379,12.218328981779988,12.223617663962361,12.223049887830054,12.22175579241641,12.222402840123234
13.186972178556857,13.165844012176457,13.186324241550594,13.214781595173552,13.26999568939209,13.263209097454105,13.294563309069467,13.226431356873686,13.220335082026974,13.22338321945033
12.075239762351531,12.103070214554721,12.043018461422983,12.086059930612318,11.95235538482666,11.882416483066288,12.026614406152856,12.048667939699618,12.049480801659653,12.049074370679637
11.981615588086619,11.995312312737981,11.98190885095449,11.971966675477843,11.974774360656738,11.98108742110891,11.986971718397507,11.98212813107134,11.98077169439551,11.981449912733424
11.988583558577202,12.005017587429096,12.006622352834794,11.990079686399072,11.996509552001953,11.985172820425202,11.970754127750018,11.990188902431468,11.995346368645697,11.992767635538584
12.210959665129836,12.18147539174711,12.277632710331297,12.12082248245385,12.211036682128906,12.235408103580484,12.22531584493101,12.189922013278142,12.17127944171116,12.180600727494653
12.346267976091717,12.354145201058012,12.36233403250204,12.385748170513581,12.341124534606934,12.33470189185658,12.31391757609791,12.348240691673631,12.35912177632381,12.353681233998723
12.628059252477358,12.629220211642837,12.639103035915902,12.632022418604244,12.62270736694336,12.615614903186534,12.65978178419192,12.634358206771944,12.630125806702072,12.632242006737009
11.686769793124164,11.695056107589993,11.727072321818968,11.720048893113324,11.781795501708984,11.78850878227199,11.790741022635371,11.734882263634367,11.73424573276386,11.734563998199114
11.654322904988874,11.670740989709042,11.646682218239196,11.632562515254321,11.596719741821289,11.62535825682285,11.616967681530198,11.634262766660745,11.63303283011442,11.633647798387583
11.748726413197165,11.75781953092094,11.796258355788979,11.765363589059064,11.785900115966797,11.823662113677441,11.808821642376966,11.773326258304188,11.771487927626662,11.772407092965425
11.400217187797649,11.393085673069413,11.22722778125334,11.298960992480541,11.376694679260254,11.400565768991033,11.44325106678883,11.382441919879337,11.35838626792425,11.370414093901795
12.343627996680027,12.389247388339356,12.380676293866578,12.351788356387464,12.401488304138184,12.437157885805625,12.360076248802656,12.369245658869538,12.377933606837143,12.373589632853342
12.588648824015621,12.576668186600978,12.600370745802358,12.670424307029236,12.625327110290527,12.588368419294747,12.606373178705109,12.613488321328296,12.625156300281464,12.619322310804879
13.333132739356662,13.284258881381923,13.292393278847857,13.24396350816995,13.215752601623535,13.141874278806062,13.172833129514164,13.24998817200925,13.244012675028143,13.247000423518696
11.875807889575107,11.8420948113332,11.840177385753753,11.87463892929922,11.883429527282715,11.903666061794869,11.858910910286905,11.866976413555431,11.866306556693285,11.866641485124356
12.312842691560467,12.357551160584887,12.281362152307597,12.29027515294516,12.2887544631958,12.27477712156503,12.261976837157675,12.302280061088798,12.308706898592932,12.305493479840866
11.710505717407877,11.730786199480198,11.734484659452702,11.663038715617322,11.75441837310791,11.762194466254055,11.78002293351916,11.727754387826494,11.716725335106212,11.722239861466354
11.387376602277422,11.461124132794916,11.42165855105278,11.458071059176746,11.48532485961914,11.488216612571343,11.482677741878348,11.454914879149316,11.468247875342481,11.4615813772459
12.549003800353255,12.551987402461974,12.54196124411995,12.534263457335648,12.59316635131836,12.586473200907038,12.585758815791145,12.562835965452077,12.559553698679675,12.561194832065876
12.122989679261135,12.128119785222902,12.13777951648936,12.14157845821188,12.148628234863281,12.155410083452102,12.15004754964388,12.138272741440616,12.139987242389108,12.139129991914864
12.157858264863123,12.168658888601641,12.16764533754678,12.170954822727115,12.189021110534668,12.197685814987416,12.199978513427881,12.177294320030885,12.177127542585094,12.177210931307991
12.118801142347241,12.13399800783888,12.077486027753764,12.099154152474632,12.012144088745117,11.999046329661972,12.02145565434177,12.077110609149528,12.080317977445205,12.078714293297367
12.044684517317553,12.056438040948706,12.04586827615856,12.066027896348965,12.036866188049316,12.041171164839145,12.054826501926403,12.05176862891819,12.054095577287427,12.052932103102808
11.799765140361929,11.797244644437667,11.784218987773537,11.887660055753228,11.678481101989746,11.702729948541986,11.698162424999486,11.772262673508411,11.789078592671963,11.780670633090189
11.981951467511644,11.972611261753395,11.982924994163414,12.006467792456874,12.027722358703613,12.019422926500342,12.022329917400796,12.002216559565266,12.003154231384464,12.002685395474865
11.93565864587623,11.943987552163309,11.92041123995699,11.983144106369595,11.90347671508789,11.886286500967035,11.913267433120527,11.935906890523512,11.944292684748774,11.940099787636143
12.01136528493018,12.017223430806792,12.023211373996384,12.014973571521043,12.054750442504883,12.056493986248364,12.011713385698965,12.022005223092373,12.026859404552932,12.024432313822654
12.362207084254344,12.387958966487757,12.31257742040032,12.279724256650786,12.270764350891113,12.264721618500735,12.293103819020267,12.318751695460854,12.310962201235187,12.31485694834802
11.910411464879854,11.901047847419532,11.907355556698867,11.899377083934958,11.919172286987305,11.914450611651866,11.95480209234419,11.916962155113168,11.908801223120708,11.91288168911694
12.038052362156971,12.037148836104793,12.04266838306598,12.029404426893947,12.117852210998535,12.113023391258823,12.095352036726991,12.063561974576249,12.060956893304343,12.062259433940296
11.788854127881228,11.81035778104243,11.807934624263119,11.829202379586185,11.779504776000977,11.79535552572848,11.819379578911363,11.805459728684438,11.808646777301671,11.807053252993054
11.534669723582688,11.518482382905159,11.537257319617424,11.603093321021085,11.579896926879883,11.530102414447226,11.519779893956967,11.551184449669158,11.565758674820307,11.558471562244732
12.178472373649681,12.187518663786657,12.17519583431929,12.17064884177592,12.195873260498047,12.207703720436124,12.20325586671285,12.187153801284632,12.18492826205597,12.186041031670303
11.79157148244697,11.822175797580499,11.822204658654766,11.831562178592062,11.819602012634277,11.819084346268438,11.798499504782665,11.812682195207294,11.823337421950477,11.818009808578887
12.196401024172227,12.205836983987787,12.200949379485227,12.19947363785321,12.259451866149902,12.268578059642971,12.25063354467979,12.222359411368585,12.22158628579844,12.221972848583512
11.918412931617878,11.906056054688738,11.921785086296817,11.924040883887699,11.915116310119629,11.923614078684068,11.935842414480314,11.919893718958852,11.91668963161888,11.918291675288867
12.544234020739145,12.565441908836746,12.526550697977143,12.535650510431706,12.451338768005371,12.465008617710165,12.489184775928557,12.517169996788306,12.517874749248946,12.517522373018627
11.710891213134344,11.711568691085313,11.719332667020426,11.710262968113796,11.677218437194824,11.681051479413778,11.679840345098683,11.697956330925393,11.699417105666935,11.698686718296166
12.30333086275594,12.273513283581053,12.282132660799348,12.301965738628022,12.226374626159668,12.213707354937274,12.19241571118221,12.259520044461379,12.265223734045845,12.262371889253615
11.874023898493716,11.869068170272913,11.889842902134973,11.875020886951862,11.880834579467773,11.879046639908566,11.864748701479781,11.872739247333211,11.874268045907973,11.873503646620591
12.587088201563905,12.573150606028568,12.633311852072929,12.644430675113673,12.59670352935791,12.632147324194538,12.617872324245038,12.60384906726182,12.607462272100584,12.605655669681202
12.197287029833078,12.204990828209517,12.187912058315426,12.197483008297304,12.168183326721191,12.172220191204197,12.15386872120046,12.184362582852312,12.188829075075843,12.186595828964078
12.28432221258861,12.300688058937121,12.293170816656984,12.318318839455792,12.22313117980957,12.215748857755708,12.284511841094,12.28219442637702,12.283702537606299,12.28294848199166
11.358766861158625,11.371221960495209,11.397877258129233,11.4096579297578,11.263072967529297,11.255528362502709,11.312304125529465,11.34300476889408,11.350254856327087,11.346629812610583
11.928864202777042,11.913459894884008,11.92215578517523,11.908570824131175,11.740328788757324,11.753344429778743,11.73384176838667,11.845013095787245,11.851652212335022,11.848332654061135
11.78802463418774,11.7703019309174,11.797585124418028,11.783257992241225,11.737203598022461,11.754852980916368,11.748619706222055,11.765481572318176,11.76408881128619,11.764785191802183
11.60400489825408,11.584309636536151,11.641946440359368,11.649967196299938,11.600057601928711,11.603648685751173,11.59327042941764,11.606321952487306,11.612324103794542,11.609323028140924
11.774842198087978,11.738622677223647,11.772269912731652,11.73999706051635,11.781233787536621,11.787452452790996,11.761445373898844,11.759228219452687,11.752642292550178,11.755935256001433
12.37392222845062,12.37110639494691,12.364479297598589,12.383038455710057,12.386889457702637,12.384077009045626,12.390648131405023,12.38112093364305,12.380946654600919,12.381033794121985
11.262339545899518,11.27109999173422,11.312209151683618,11.120290461765338,11.328484535217285,11.264436719421752,11.275458280673703,11.251534563058012,11.235004354195588,11.243269458626802
11.40096199921969,11.375384244014773,11.383346736436835,11.422744007053272,11.495888710021973,11.518459079568935,11.449449583550688,11.42888570877208,11.430805033487019,11.429845371129552
11.526230880099712,11.525478262056858,11.577628344423333,11.59877107289271,11.632773399353027,11.622245965147686,11.62991262940307,11.582633248761075,11.587971580517372,11.585302414639225
11.684092106433846,11.684310618998618,11.681135646754743,11.736888472914671,11.727259635925293,11.736218335819425,11.721750535194273,11.710860273893342,11.717204259696594,11.71403226679497
11.917799249152674,11.935520653913962,11.928680471239158,11.882709411931424,11.889460563659668,11.889953241213911,11.913320293073593,11.907762034346264,11.90254694572852,11.905154490037393
11.889625453291757,11.903801551128563,11.855456524160038,11.848670199848764,11.750258445739746,11.726771074147589,11.772658917668593,11.833002913535484,11.832857167119785,11.832930040327636
12.257078504032739,12.26665387127148,12.257621330731595,12.248269375972045,12.225404739379883,12.196775805787277,12.216149652089516,12.242711228549133,12.24544957667634,12.244080402612738
11.910533046499213,11.92100953799373,11.91260680727757,11.902091550415681,11.883275985717773,11.900771628256276,11.83808791875306,11.89099960787589,11.898726725642211,11.894863166759052
12.410400402131678,12.366360399919087,12.331554577851673,12.377685035541468,12.246870994567871,12.250223061269772,12.254299465813064,12.331123259594634,12.329544630128268,12.330333944861453
11.934782021723757,11.925522735576607,11.92186770780981,11.950441221948493,11.822344779968262,11.850917766246896,11.830200039310267,11.892658159705478,11.89911597393915,11.895887066822315
12.771567568959721,12.770136347960221,12.847420175147857,12.864843857745601,12.868104934692383,12.862515950478807,12.866462834283087,12.828223108728203,12.836979256137719,12.832601182432963
11.783330444198036,11.795987538325774,11.785945294192196,11.833989770238043,11.863566398620605,11.841130320346268,11.858429424129948,11.827060715102482,11.832296861285702,11.82967878819409
12.221235314454104,12.219790970537591,12.123687917412301,12.176654420382038,12.105432510375977,12.075742921726317,12.154941306937106,12.175610904537365,12.168147967060715,12.17187943579904
11.834451208617812,11.838640711330083,11.821020105620015,11.842943033165712,11.881855010986328,11.870851815569896,11.856458413469912,11.85086967551397,11.853564718017495,11.852217196765732
11.51727786871887,11.54647634599328,11.52973793539158,11.466265469164489,11.520844459533691,11.581772922530682,11.499129792899836,11.509998787262035,11.50828984997376,11.509144318617897
11.797862056135784,11.800769911126308,11.807099828826455,11.838035576368613,11.814044952392578,11.780172976779937,11.80719852429212,11.81158220406308,11.81799078092797,11.814786492495525
11.718741121907115,11.708878247534985,11.551825982203884,11.597973076942278,11.709089279174805,11.658662867125244,11.61423317724102,11.66978298056004,11.664579035862769,11.667181008211406
11.904458271091162,11.896211134710436,11.863024370459742,11.92286622487163,11.917616844177246,11.903665496115604,11.903120098482647,11.908854514666626,11.912074707249534,11.91046461095808
12.011722777864403,12.049879278770016,12.017196145727056,12.023526316826379,11.975204467773438,11.990722565588666,12.020784031106277,12.016223374468105,12.017568152233407,12.016895763350757
12.232437371627885,12.251564567655958,12.253415209496989,12.214147509658517,12.252370834350586,12.25785303891208,12.25717126461008,12.241538309580605,12.239027830227782,12.240283069904194
11.817760865679261,11.820611334169453,11.83957978653794,11.856427083245453,11.77608871459961,11.766840380055246,11.785627192760604,11.811303038090877,11.818348663607772,11.814825850849324
12.32914613193875,12.324961156635512,12.340128985230123,12.305711359229699,12.331859588623047,12.339570401276704,12.350923432012497,12.328520333687901,12.321719606061372,12.325119969874638
12.23397504980637,12.234504220216884,12.239649993198391,12.260655161288318,12.242898941040039,12.240611652027185,12.237401698292727,12.241887014128867,12.246230624520493,12.244058819324682
12.4914951327063,12.484031913779187,12.504970772570045,12.49514403989955,12.431818008422852,12.390779036768794,12.400273939949361,12.46055260695145,12.468064112257586,12.46430835960452
12.013790106064215,12.0324556805362,12.045411274995605,12.069685100451553,11.918972969055176,11.971889576711055,11.982914554552693,12.003563682131968,12.010088078633379,12.006825880382674
12.941259041664,12.987165809194423,12.996172251276693,12.90165730957169,13.055471420288086,13.117143260878361,13.013106279528879,12.979731972049416,12.978316802474957,12.97902438726219
12.257778796770713,12.220913694203444,12.21811359891942,12.187223927075518,12.21639347076416,12.201461743803305,12.191510718732712,12.214764121509312,12.206105910951958,12.210435016230635
12.257207670707203,12.223687829661612,12.20899862497796,12.240316092652979,12.138803482055664,12.13084825593505,12.136799487623342,12.19936291254016,12.200111942824512,12.199737427682336
12.196094204796655,12.193783897794562,12.141148716610745,12.138897963961222,12.152935028076172,12.156944278894583,12.175201551871444,12.171382529300011,12.161788203074668,12.166585366187341
11.88510061965603,11.895529032532037,11.883664247446987,11.905812004498122,11.920028686523438,11.934941036785828,11.920180554739266,11.905330179589779,11.907587418319189,11.906458798954485
11.88254154613018,11.902078727640397,11.871468906271533,11.849836949303647,11.893153190612793,11.858596552844272,11.893966590159724,11.88431540076935,11.88076313400504,11.882539267387195
11.732874905772759,11.708848841527622,11.750707189729013,11.738814698499539,11.72628402709961,11.745168498465347,11.739251479256707,11.729214790431248,11.726110088778409,11.72766243960483
12.462643713040384,12.489858387140291,12.432893101125927,12.41501252006313,12.434861183166504,12.440768461223572,12.437520323199577,12.447979225321978,12.44484835972214,12.44641379252206
12.158844839381482,12.161568164816753,12.162462414024468,12.141284079313518,12.165864944458008,12.16997709925384,12.152350701166338,12.15598254582722,12.155159331908205,12.155570938867715
11.5395320512615,11.57240144968488,11.619789410656036,11.649994054166806,11.69074821472168,11.689490445554954,11.693015932878241,11.629138340542621,11.64051198414774,11.634825162345182
12.50846034887693,12.468821821451796,12.524984641196982,12.522489806983835,12.426535606384277,12.426734444481506,12.49519204402334,12.484299925544036,12.477041025288742,12.480670475416389
12.148794161114612,12.1436760848148,12.130195903738388,12.14298103062428,12.067634582519531,12.058624264298885,12.09178102561581,12.118973376937808,12.118618607151765,12.118795992044786
11.794409510529015,11.812513839634851,11.788737337775604,11.813852322422958,11.808478355407715,11.795225934649402,11.802627843979701,11.806376374394848,11.811247752579384,11.808812063487117
12.647944698297987,12.635991134588428,12.653426922129531,12.63808935825375,12.675108909606934,12.649876626377726,12.691509952196578,12.657728810588736,12.651178582440508,12.654453696514622
11.379249061194455,11.373125117241006,11.399108992519725,11.345223521573216,11.412687301635742,11.437468599667485,11.401272438927162,11.382311488114317,11.376336892597799,11.379324190356058
12.1380031176437,12.132163437911478,12.13998724783577,12.1378829800304,12.074870109558105,12.084963889125474,12.116592485038792,12.119902426036496,12.116847036777443,12.11837473140697
11.985508922931693,11.988131800569631,11.98666404126072,11.92811699485543,11.925336837768555,11.931856083960787,11.940737513359492,11.953566413896962,11.946369232289006,11.949967823092983
12.173607440349757,12.15974266477945,12.151430398873877,12.178640307064677,12.148929595947266,12.154278502307422,12.153856687698822,12.162955339167995,12.162915734453609,12.162935536810803
11.774366438736312,11.761882317879454,11.761604375650283,11.766936442647319,11.764067649841309,11.786184012162364,11.743752462564798,11.762201062333839,11.763215282126925,11.762708172230383
11.87336848025319,11.859820386320887,11.857224635913584,11.913415981848143,11.953180313110352,11.968255776923247,11.927103766042872,11.905377785515089,11.909253510859017,11.907315648187055
11.988501541854953,11.99595720409491,11.930238287635419,12.04516915093015,11.976551055908203,11.984864004321425,11.991938689427636,11.999623528443172,12.007388960017241,12.003506244230207
11.969827733079535,11.965005931393511,11.95278434163242,11.93557409645956,11.979581832885742,11.973363068440356,11.95083509196967,11.960164937157604,11.958048791670905,11.959106864414256
12.082131023969916,12.111983106805127,12.0840513162808,12.066790443733426,12.027801513671875,12.035504836076468,12.042956577797812,12.066332533195633,12.068017200875971,12.067174867035803
11.67844349421989,11.664693613984621,11.690176656003484,11.687861041441717,11.850444793701172,11.829003290468588,11.800010561489962,11.736290700967473,11.733918093720066,11.735104397343768
12.658897145704389,12.653558665260677,12.713048401475799,12.708245374262034,12.718560218811035,12.680467069004232,12.781630372653213,12.70417835533827,12.698813097266596,12.701495726302433
12.9036657600871,12.904691046908301,12.902837662203332,12.960746403700309,12.956050872802734,12.894822632870893,12.902606261758878,12.925552069051465,12.938895565753526,12.932223817402496
11.838228352959048,11.82151198110053,11.802552372716555,11.847186377346532,11.841669082641602,11.84300233722998,11.787911794195937,11.827301517648731,11.83430236898527,11.830801943316999
12.378433139609884,12.370586044201309,12.387312970116781,12.387896903022076,12.30870532989502,12.331117321632194,12.362920995276465,12.361708482400953,12.358475979071242,12.360092230736097
12.124926940793715,12.121415148750524,12.114343191480181,12.13434911842904,12.088580131530762,12.100570610581084,12.114641649437806,12.116782597788369,12.116142819937885,12.116462708863127
11.749857939658636,11.743116711721163,11.770832523114155,11.812362648896034,11.824402809143066,11.82890181973346,11.797325323031625,11.785413086490106,11.793804315995509,11.789608701242807
12.095608638397664,12.120062380041329,12.11367990686312,12.086869248248986,12.073527336120605,12.083879194370494,12.055029881733352,12.086219496908388,12.091310565496777,12.088765031202584
11.841076293373842,11.856570598414622,11.8532905321316,11.798995724784346,11.75601863861084,11.785613718073389,11.82713665605404,11.815959582247539,11.805901868407618,11.81093072532758
11.907898820622858,11.888557980291203,11.81762931904521,11.829061608412239,11.910971641540527,11.90135706454472,11.83395654510979,11.874089319195324,11.870954855041123,11.872522087118226
11.999948385098548,11.99868515249621,12.009419585647755,12.025268636402057,12.04063892364502,12.041188294864387,12.04244604325918,12.021397428180205,12.022565952361363,12.021981690270783
12.22255206133415,12.201148436100096,12.212334154581832,12.192175868119584,12.171972274780273,12.189473761774478,12.169273771026294,12.19142448227208,12.18778652270967,12.189605502490876
12.41837583833807,12.43187688580168,12.42118581679925,12.388143227444875,12.491317749023438,12.50240071908004,12.508016819549821,12.447546104031577,12.438050493967655,12.442798298999618
11.305381564812597,11.23846139743883,11.421144757537537,11.462834191617237,11.381391525268555,11.389309602546543,11.332693299222802,11.344152395672005,11.363439532520212,11.353795964096108
12.241040909377748,12.247656571304407,12.240893928183525,12.258374465045872,12.270846366882324,12.297006892693213,12.267981007166876,12.257179863955447,12.259238679536868,12.258209271746159
12.235199776520128,12.224061649969347,12.204890280757565,12.183469516685049,12.163989067077637,12.177008521073908,12.164019121713954,12.194147826393225,12.189135852462204,12.191641839427716
11.898834004048139,11.919139669663759,11.902250021133899,11.907414824986205,11.925576210021973,11.934516930966243,11.931986356458857,11.916590213035787,11.917631480056134,11.917110846545961
11.878807495043603,11.885835713373092,12.011808636714875,11.892920146428814,11.868125915527344,11.885859727164148,11.848977823461555,11.874933418766883,11.881085382515604,11.878009400641243
12.077485059304665,12.079565358846883,12.09358170589184,12.074215651847863,12.060864448547363,12.084706832830175,12.059329110758998,12.070291925861156,12.071152703705796,12.070722314783477
11.843719307175771,11.82141456476363,11.80015825644918,11.825797879863591,11.721539497375488,11.749026852839979,11.725543605245953,11.787602970884887,11.78873418914965,11.78816858001727
11.929471543782519,11.919482088887417,11.951901111721163,11.950225303989665,12.003388404846191,12.007623304191535,12.007073639845961,11.96192819627035,11.95939911000426,11.960663653137306
12.078019705767261,12.140393945046398,12.11024413512044,12.136668355169009,12.104811668395996,12.102809418201879,12.080749031436232,12.10812854116298,12.125407690849176,12.11676811600608
12.412524784487234,12.403847023668673,12.398988424222786,12.390638381802702,12.444952011108398,12.422611169232498,12.435909142814332,12.41757426877627,12.412872392870383,12.415223330823327
12.593354745317338,12.59065709887175,12.574565433270685,12.532208627060248,12.538171768188477,12.531577785707938,12.534913628535465,12.557861173594656,12.551906016327333,12.554883594960994
12.009224000292312,11.995872460794873,12.015719870826818,12.011340710245115,12.020134925842285,12.044310615646394,11.981254313066074,12.003565282048132,12.007377968128575,12.005471625088354
11.69222903281253,11.656305253285355,11.66442722752403,11.691526387852223,11.682955741882324,11.711691292798186,11.679432773219638,11.680489837810413,11.677618649926355,11.679054243868386
11.70601440113558,11.676045907499477,11.715809528677099,11.680767499866043,11.637585639953613,11.637537349640542,11.666362244027654,11.673355138496474,11.666117985605267,11.66973656205087
12.053596069051348,12.072560477079664,12.090780588950174,12.06607924884279,12.118298530578613,12.078960583303346,12.106955397821194,12.083497944674724,12.085403770413011,12.084450857543867
11.65404650679864,11.67598811884842,11.651459913598071,11.661219314876151,11.675517082214355,11.673285682235164,11.670326949752477,11.66741959449801,11.670352609884125,11.668886102191067
11.779484540959555,11.781003507954944,11.769397975965113,11.785905287530229,11.812629699707031,11.818295491115963,11.82344654691719,11.796493916613791,11.794261158949668,11.795377537781729
11.951268613227962,11.935245178738308,11.927787500388433,11.938289185624878,11.951905250549316,11.943635324206644,11.938792430763026,11.943100131780698,11.941289049609734,11.942194590695218
11.928568886138434,11.924298764740128,11.896434820800463,11.927003605806757,11.9215669631958,11.877076917403675,11.919318620963898,11.924151368169003,11.924171529855123,11.924161449012065
12.055478716210077,12.071351330327785,11.997816240958073,11.990585638221576,12.006779670715332,11.999900721372361,11.997965116798436,12.024432094454642,12.020294980774988,12.022363537614815
12.353702464487988,12.356357174474986,12.347737773771655,12.38123887375469,12.315187454223633,12.31000721824482,12.34097463607283,12.349492120602825,12.352375668422127,12.350933894512476
12.003410411262484,12.031247069431004,12.019550210274184,12.008518316756547,12.04416275024414,12.041629580587458,12.041480586598075,12.025763826858451,12.027589819575606,12.02667682321703
12.645877277134968,12.630422341082902,12.630519324757739,12.636715594277781,12.670960426330566,12.686991321910714,12.68543786793492,12.653882701352229,12.647455289915271,12.650668995633751
12.337294732205784,12.318941235945193,12.330298242238591,12.349947372625609,12.330617904663086,12.334654390150206,12.310206643052865,12.329401577698508,12.33262554165987,12.33101355967919
11.893646252668526,11.904348843377937,11.924533840933961,11.895980688890067,11.86978530883789,11.877424783475517,11.922507985481104,11.897253815851105,11.892585963659094,11.894919889755101
12.7288858733617,12.71354761982781,12.670056946065525,12.688560574033948,12.653813362121582,12.685974463878742,12.719601078177046,12.700881701504418,12.68805135687167,12.694466529188045
12.210932793518712,12.221310135558452,12.204160196525475,12.216873677097354,12.177366256713867,12.181866609972042,12.18531455886342,12.202359484350362,12.205065684625499,12.203712584487931
11.820551446393392,11.816833732109647,11.830672378445357,11.882098738188098,11.832496643066406,11.831460752457906,11.860509635848173,11.842498039121143,11.846719519503583,11.844608779312365
11.872469578628925,11.86528421236305,11.874506690986586,11.910519534189918,11.920825004577637,11.859999277017494,11.878227933881627,11.889465252728233,11.897779102899015,11.893622177813624
12.026713269988516,12.040038723695776,12.032296541110082,12.064902981556177,12.049880981445312,12.051861518816498,12.04323584300648,12.044954359938451,12.05174684930693,12.048350604622692
12.708916847429824,12.703339904241286,12.663880281606026,12.681921731153679,12.637331008911133,12.640075627644137,12.643423879183874,12.67498667418396,12.673432497632612,12.674209585908287
12.24784944445193,12.249387333469889,12.244736502469124,12.218550089982944,12.259073257446289,12.258443747266245,12.256546853063726,12.246281395682956,12.241787221980864,12.24403430883191
12.640444033910564,12.62291907047005,12.661042249864721,12.660082635645717,12.682662010192871,12.714465257499912,12.702262055626495,12.66167396116914,12.657680793352014,12.659677377260579
12.755408845619899,12.743863688005995,12.718975926570632,12.72578747408224,12.661905288696289,12.630010057169084,12.677443841744488,12.712881827629783,12.71017782489466,12.711529826262222
11.661432917363529,11.659900594720746,11.666814547768006,11.659151444570947,11.69121265411377,11.706253441332983,11.690307495177967,11.672401021189394,11.670385577055656,11.671393299122524
12.12002274206223,12.121589396842205,12.113423981412318,12.110033892348012,12.041319847106934,12.055410434803381,12.101469771415106,12.0988871299549,12.093380940612644,12.096134035283772
12.469081867220027,12.465025712279939,12.486557292622546,12.476627452397997,12.515804290771484,12.527017251669156,12.484630560366934,12.482233976607276,12.484775261598063,12.483504619102671
12.174866574173013,12.171052776051098,12.143522475939811,12.192517324618994,12.117768287658691,12.126331845135907,12.181470098315508,12.167535012163462,12.163917073870152,12.165726043016807
12.489852811642777,12.493795421513399,12.487530423952922,12.465833775133481,12.465758323669434,12.4557089142815,12.49754461638,12.482556989667819,12.476199799513124,12.479378394590473
11.602703685798808,11.59436062109064,11.603164908132065,11.625374087656773,11.661904335021973,11.654486718495821,11.600337168150268,11.616935979543692,11.624906952754962,11.620921466149328
12.000651239815712,12.01525788227177,11.978417082617597,11.987725870191781,12.00444507598877,11.966735598874259,11.974809342904763,11.996577882234558,12.000156512171204,11.998367197202882
11.109809813799359,11.149430922016474,11.133163217300686,11.169878031931997,11.046428680419922,10.965823482243726,11.118221223097267,11.118753734253005,11.125264235136553,11.12200898469478
12.38297810425541,12.377802393882343,12.37232448744058,12.379214814670522,12.316487312316895,12.31846877782005,12.312978155085927,12.353892156042221,12.356942354251661,12.355417255146943
11.371995638390006,11.378604779275927,11.360636847646816,11.45851631875371,11.25100040435791,11.223616815381758,11.232110943347301,11.33844561682497,11.361454106236355,11.349949861530664
12.583733307390014,12.573377992075056,12.591447302789003,12.57674465030895,12.556990623474121,12.559346303096273,12.531827569516093,12.564534828552848,12.567430311321218,12.565982569937033
11.044822904462002,11.094976357756508,10.9952617422468,11.095578839580963,11.126581192016602,11.070761475910915,11.160829307115886,11.104557720186392,11.108094126170815,11.106325923178606
11.409438413543416,11.418827825577326,11.33789452366769,11.354545856486263,11.357178688049316,11.38236729974277,11.399318384335901,11.387861833598446,11.377532924475549,11.382697379037
11.84750842595056,11.840811287252592,11.885431503893212,11.838477542281982,11.798544883728027,11.792288474336932,11.80130015679546,11.825328459201724,11.825577256279047,11.825452857740387
12.267270128289278,12.265036804294544,12.244794489303377,12.294837815187284,12.272127151489258,12.225332733522333,12.284234015222458,12.276701182896565,12.27862180087897,12.277661491887768
12.097393081985123,12.109923915575873,12.10845005188024,12.115467582727991,12.132699012756348,12.136006648698393,12.128846643521483,12.116866047313366,12.11949420258204,12.118180124947703
12.445524717789638,12.42824476366894,12.439918189537105,12.45192761650835,12.386544227600098,12.40145516447983,12.415701121369006,12.425588489387206,12.423857916878239,12.424723203132725
11.80868577182668,11.798895061639824,11.786212530073902,11.79198334162797,11.80604362487793,11.797641950569846,11.785374264634726,11.798196412921428,11.797731162271045,11.797963787596235
11.620083632587392,11.601481341808558,11.626445095694583,11.615407921029101,11.606365203857422,11.649816622718552,11.592813619395095,11.607230343735516,11.607246551893681,11.607238447814598
11.764308558115262,11.758846021779135,11.747472567316322,11.80283145990605,11.799850463867188,11.821876286179831,11.762652188489902,11.777697738431506,11.786205734057837,11.781951736244672
11.701520717669442,11.669703980573344,11.699853203758067,11.677701430054531,11.701118469238281,11.712730490978766,11.69920192626892,11.689849304760903,11.683226371707491,11.686537838234198
11.981743439539521,11.989810094495297,11.99248166290061,12.016207312528026,12.001433372497559,12.007520221799712,12.028869973611188,12.003612838534318,12.004665044748492,12.004138941641406
11.798569029990466,11.803041685355678,11.81319570763933,11.79344313131969,11.869058609008789,11.854266664042438,11.84734430924128,11.82229135298318,11.821181146871353,11.821736249927268
10.99335245809954,10.9869042973202,11.033685875952628,11.095623407914688,11.059723854064941,11.067682335729845,11.090161659210725,11.04515313532202,11.051855571279797,11.04850435330091
12.375671036603812,12.364438762980686,12.3620513231863,12.355101242119567,12.329145431518555,12.337571130139082,12.304975585002724,12.34586641164507,12.347581717613636,12.346724064629353
11.77409148657865,11.77080214420491,11.801591659480767,11.779447148360823,11.746325492858887,11.75058421806954,11.793209586864265,11.772775171773507,11.768131117349354,11.770453144561433
11.57941238449479,11.583937810950625,11.573137480522504,11.623941593418156,11.613049507141113,11.594151362295237,11.620912412969941,11.604250741794925,11.608440864157652,11.60634580297629
11.958592480409036,11.971331167655087,11.97535948658758,11.981048764633616,11.994987487792969,11.996949131393663,11.967780191531677,11.974748018404478,11.981298515205262,11.978023266804872
12.394725131525673,12.395209883162615,12.40661866075662,12.409992296000839,12.478231430053711,12.490725620698644,12.478040849750311,12.43123991809863,12.42900846300437,12.430124190551501
12.057418678926297,12.09650317024111,12.040850109002236,12.062010442235811,12.100942611694336,12.12935924577659,12.110601333950713,12.085495247409654,12.086527630511053,12.086011438960355
12.19463452166032,12.203682314934339,12.127685816705082,12.07755022628899,12.119650840759277,12.138823345182463,12.139231894354316,12.14694995959945,12.131698594718792,12.139324277159119
11.420007533000488,11.434708332324528,11.441141756250946,11.466745795010356,11.45569896697998,11.438787015461713,11.448410473302197,11.44511422012351,11.452734714117835,11.448924467120673
12.453032579820215,12.435526374702743,12.434675102108375,12.45172024995926,12.495166778564453,12.510009562824532,12.45432069715581,12.457953336040498,12.459373347801911,12.458663341921204
12.621430836755378,12.604089356945591,12.611805441486736,12.594321940786172,12.552248001098633,12.543730283118142,12.578566366361475,12.59013130038945,12.584330894932972,12.58723109766121
12.372542126792093,12.385688045071088,12.374228585310027,12.351925077427365,12.315278053283691,12.314600108242402,12.376431768304686,12.360373014175785,12.353166534297609,12.3567697742367
11.757797455320185,11.743362058870893,11.847431611790629,11.732865359148603,11.9037504196167,11.90987495300459,11.856006926854722,11.79875644396222,11.792213500171522,11.795484972066873
12.163999636937184,12.172096014034272,12.095855719735457,12.146611199178516,12.118752479553223,12.118204279603589,12.10656349244495,12.141604564429631,12.14406316891283,12.142833866671232
12.012629547502229,12.027182959740585,12.03158865163618,12.000800850412784,12.005687713623047,12.007754511944146,12.002296832934896,12.009719580842708,12.010336469185173,12.010028025013941
11.846950135421372,11.846612374345254,11.850566509665159,11.853195417445475,11.734122276306152,11.739365690738056,11.74554734336897,11.805285509377445,11.810785315329753,11.808035412353599
12.886085522215097,12.8753838712968,12.881805587040441,12.861510626948226,12.974252700805664,12.93937029270111,12.93148479112095,12.905743502477348,12.902125519809458,12.903934511143403
12.375225993634409,12.377334225300128,12.369556505190218,12.375746973022867,12.360992431640625,12.369993260228377,12.369035983624801,12.371667121444567,12.371613120785433,12.371640121115
12.136526359875798,12.13912901233621,12.160025455146759,12.144241863028006,12.131139755249023,12.11898472886216,12.129041523855404,12.13601570286889,12.138039963781232,12.13702783332506
11.581912872509807,11.577848379948263,11.620727935421609,11.619229012405572,11.631829261779785,11.64355779737914,11.66372833575592,11.61490957247987,11.612818905410858,11.613864238945364
12.00791759944041,11.999612218325883,11.968168570875072,11.989026903751762,11.935332298278809,11.94134475694164,11.965528648089546,11.979483533577284,11.97550427849162,11.977493906034454
12.00209326223804,12.003250873042132,11.992159845515804,12.018638808747443,12.029723167419434,12.029388886031128,12.012567801735488,12.013254782636508,12.016762813873077,12.015008798254794
12.816806694380679,12.817343857471878,12.806612275361083,12.802559335742668,12.835946083068848,12.824770673094383,12.806850700689603,12.815901334270736,12.816881624174588,12.816391479222663
12.201977895189556,12.125705381058376,12.12165569913003,12.202778026098432,12.168777465820312,12.12735876681936,12.151957078050447,12.170239169243427,12.166552208556205,12.168395688899817
12.505508844948878,12.525189326980135,12.451286031272307,12.489301047833045,12.47273063659668,12.488762453695424,12.44473442941106,12.48749285715396,12.492894730443759,12.49019379379886
11.697237751981787,11.715669115599523,11.685536694858325,11.688096445896315,11.748300552368164,11.719448892115537,11.7292947426961,11.715719721708378,11.716160893539382,11.71594030762388
12.058136472650146,12.065789653645568,12.019163935448091,12.033381921332385,12.061919212341309,12.07118821446736,12.058807640109126,12.055606980015709,12.052929722464615,12.054268351240164
11.872102732511177,11.881408203487936,11.883745534013071,11.882299071112547,11.91876220703125,11.883846287367634,11.872651062306327,11.885444655289849,11.89190372532902,11.888674190309434
12.238268912669719,12.236836601326694,12.232413999776647,12.238175194230276,12.261497497558594,12.254478532115748,12.2468458245436,12.244324806065777,12.244953109720075,12.244638957892928
12.170743550338782,12.176773395716594,12.183398689505164,12.196178655411344,12.227982521057129,12.222366217790348,12.17827521398322,12.189990667301414,12.198317273739818,12.194153970520617
11.757376916030257,11.775403438664311,11.774530216296482,11.734942267932277,11.78110122680664,11.76068908584296,11.762683544952905,11.762301478877278,11.762128696576635,11.762215087726958
11.84086816005907,11.844859008236508,11.857603049559179,11.840085914354368,11.855340003967285,11.856881497660316,11.871009662498837,11.850432549823214,11.847721227876418,11.849076888849817
12.394228683290146,12.395962269035467,12.424145054105995,12.401908515436158,12.41128158569336,12.428493926303544,12.442840368396572,12.409244284370342,12.405175634644156,12.407209959507249
11.599826601266196,11.619761559852638,11.589450607398534,11.581302762261004,11.620553970336914,11.643416530767029,11.621009289233514,11.608490836590054,11.606600965399048,11.607545900994552
12.190288356847462,12.176059966345433,12.113825530045482,12.050720715973238,12.10648250579834,12.087059175829532,12.107758924767834,12.126262093946462,12.108267236066176,12.11726466500632
12.507980458448213,12.506440893738434,12.491642018316433,12.490029571660964,12.43015193939209,12.419685721117032,12.445893421265357,12.476099256901012,12.47530513928033,12.475702198090671
13.115080852399664,13.129620023370691,13.107584933924505,13.145757842823592,13.090444564819336,13.131740231998801,13.169258812054887,13.130032419093634,13.126371521222552,13.128201970158095
12.41723595865263,12.40352441095736,12.408102301451663,12.419729048491192,12.383748054504395,12.394808134053793,12.382950174371816,12.40143752939548,12.402328020929886,12.401882775162683
12.458702321859594,12.450109644374438,12.466960927398812,12.412065440326536,12.42894458770752,12.433970144337358,12.464400460951635,12.442844491043944,12.431570347096905,12.437207419070425
11.408253431364347,11.413956285773196,11.416297282481963,11.395109838644782,11.43905258178711,11.422325466839485,11.443388162713994,11.419952060056687,11.416270186045256,11.418111123050974
11.791525432947228,11.79274128168295,11.791331328486532,11.830349728773896,11.8289155960083,11.852025432850315,11.827344333496162,11.814175274581707,11.818289508190123,11.816232391385917
11.506369672646999,11.498702551563222,11.505855973822545,11.517911903321512,11.4929838180542,11.498344596113963,11.486679977297118,11.500529584576611,11.503084131221044,11.501806857898828
11.913947432730112,11.888468235682204,11.938675627846827,11.953866857045409,11.847981452941895,11.876080013305696,11.869660184896201,11.894784832659166,11.898662603097842,11.896723717878505
11.252531026251239,11.241909145081218,11.260969178010285,11.258727559296641,11.183858871459961,11.163862504482918,11.20632863599652,11.228671047617118,11.229088744941699,11.228879896279407
12.347987697012037,12.358849981224939,12.325618828161343,12.343960245501941,12.199972152709961,12.18825229212079,12.228158982984157,12.295785811886606,12.300488977877302,12.298137394881955
11.948572884973087,11.979257910961545,11.981011961676034,11.93631148076534,11.954119682312012,11.939556318021477,11.968853233750943,11.957423038552585,11.956418812578026,11.956920925565306
11.932184769895928,11.940685792848381,11.940073937098592,11.937330795972056,11.920795440673828,11.932326095207683,11.925347143739295,11.931268788625896,11.93291750639168,11.932093147508791
11.603860970218538,11.634237591863549,11.596187459559008,11.58768019295697,11.590034484863281,11.579462885813134,11.610125311921575,11.605187710364783,11.603872518231013,11.604530114297898
11.574775266121746,11.624518391854075,11.623415643779055,11.638577817542368,11.692412376403809,11.66031159340278,11.639788749710867,11.634014520326573,11.649775398112215,11.641894959219394
12.616492860782984,12.61711789062586,12.584106580545196,12.552098860364337,12.635066032409668,12.642690501021503,12.63554010577694,12.61126314999196,12.600579689540327,12.605921419766142
11.960729415303845,11.960416291013734,11.888307981994494,11.94176978792063,11.991599082946777,11.927715893062603,11.93480606287564,11.957864128012126,11.96131957333408,11.959591850673103
12.673125558213798,12.680174721402164,12.708600613535689,12.716574888237355,12.672001838684082,12.659550056472382,12.67689718959386,12.683754839226252,12.690382472106688,12.68706865566647
11.809362907225278,11.8120707865097,11.803700623725467,11.811095054525627,11.834268569946289,11.831315401488993,11.799133833541955,11.813186230349771,11.81732812278306,11.815257176566416
12.29895016190106,12.308201882666191,12.2983738787504,12.310533735093763,12.33392333984375,12.322440328672519,12.345320278848716,12.319385879670698,12.318557363400487,12.318971621535592
11.786490201997342,11.79139362021878,11.770931925074002,11.762045681349417,11.761460304260254,11.740912171445862,11.805666855453577,11.781411332655875,11.7733861349659,11.777398733810887
11.72038280027452,11.74172650332547,11.734525629315545,11.710408117298803,11.793116569519043,11.790059869936526,11.793273485116774,11.751781495106922,11.748499784273953,11.75014063969044
11.858541409723978,11.850416542968976,11.87457383927859,11.914611881374936,11.9317045211792,11.909346264876703,11.937831800852736,11.898621231219966,11.901281703782182,11.899951467501076
12.347673039154948,12.377232963515596,12.359835888990652,12.34782713525167,12.315417289733887,12.319602976145184,12.290071596310055,12.335644404793232,12.344135028047711,12.339889716420473
12.536752594046783,12.54464003120561,12.564946324306678,12.557486151409888,12.584951400756836,12.562586461882324,12.573428910570247,12.559451817597875,12.56236561386655,12.560908715732213
12.071159231504863,12.091879623423376,12.118197492408056,12.108633937870906,12.091998100280762,12.065634345781772,12.117562499420636,12.09624667850011,12.099281662516972,12.097764170508542
11.868668879818813,11.880274664062409,11.867246793814715,11.871815587720407,11.805279731750488,11.816767782780637,11.810906877271933,11.84738914812481,11.851776191222065,11.849582669673438
11.932084996069007,11.909311026264364,11.8889572689273,11.860902511131584,11.847200393676758,11.871539900831106,11.895718806065275,11.889043546641398,11.873786220309956,11.881414883475678
11.924006789714023,11.908227678813207,11.90584645771862,11.875985884264649,11.940174102783203,11.950026745971961,11.963975557202263,11.92247400255547,11.909355969572868,11.91591498606417
11.773377721558598,11.739951737693117,11.763428596671368,11.733038869517276,11.752938270568848,11.728408124230068,11.756971976737326,11.751255715215034,11.742247796721315,11.746751755968177
12.169464004976218,12.16229200228333,12.162323469397295,12.158406894296043,12.143487930297852,12.163966809741494,12.145623990894435,12.155854964549576,12.154571387403186,12.155213175976382
12.180150962238091,12.180558717063162,12.179129282704068,12.142403286377503,12.159767150878906,12.156693451696091,12.144672926507639,12.16151060861306,12.159148878830955,12.16032974372201
12.484561933041148,12.503071785184313,12.512956260458097,12.497090907926719,12.515958786010742,12.516903048095532,12.493128153670009,12.498762313166587,12.504086416287032,12.501424364726809
11.350715747310291,11.374402247258429,11.384480565561297,11.503822617228193,11.371087074279785,11.419298876881541,11.408808195390614,11.401767176293463,11.420765018157526,11.411266097225495
12.563789031270538,12.551255589757453,12.51243836402515,12.518843211157721,12.516030311584473,12.560221574920044,12.52297994939425,12.534579618632886,12.528168311322258,12.531373964977572
11.758167589114542,11.776601684059166,11.745974811912504,11.774384136821581,11.790947914123535,11.805476884030568,11.778060387346095,11.775632342292985,11.780019111927409,11.7778257271102
11.582196407147482,11.57788933536699,11.551169255658131,11.571055334856414,11.653749465942383,11.633757223342611,11.636081827074882,11.60419447407763,11.600628512243635,11.602411493160632
11.664861956787414,11.664941085284314,11.691549531730107,11.747533579995705,11.629145622253418,11.612337283526266,11.635040709272134,11.668304590718598,11.681847084487659,11.67507583760313
12.224706250063784,12.248867378901377,12.249550029424878,12.265611219942656,12.243681907653809,12.222193739248608,12.21828993287344,12.240231337887014,12.251452078068985,12.245841707978
12.279440554627614,12.280979896201208,12.281464475525622,12.306073176051836,12.293266296386719,12.291403081346997,12.293601121483944,12.290672208950266,12.29401999361616,12.292346101283211
11.911921764999004,11.920236744942288,11.92695931180721,11.919416220093899,11.8797025680542,11.880466928187344,11.862535478263279,11.898762555270535,11.904963081459147,11.901862818364842
11.492099907863242,11.474258241952416,11.431278804998971,11.497172918042141,11.478433609008789,11.49664495412278,11.492492093856818,11.486891354144682,11.48454187826455,11.485716616204616
12.445103887575785,12.446358051046355,12.401784632253605,12.410907826671249,12.440361976623535,12.420877811950351,12.38468439951799,12.425483228286982,12.42862157473946,12.427052401513222
12.108370558009428,12.10036627038167,12.066108870654052,12.174033009517185,12.195718765258789,12.163469656151962,12.189709317045574,12.15363958404253,12.15868679200262,12.156163188022575
12.312810148494588,12.326980417982382,12.296936247913662,12.334580117444627,12.30976390838623,12.342119707703969,12.32091293299754,12.321009505061074,12.324354908613113,12.322682206837094
11.854244075274046,11.83358813390759,11.813850301617261,11.772370127688108,11.78773021697998,11.763609646247762,11.751815581030103,11.799949626975966,11.794241141917098,11.797095384446534
12.675472586588397,12.668469833544936,12.687170803880718,12.69630767589387,12.68708610534668,12.678619172433702,12.678123844556026,12.681092009185983,12.684109356816126,12.682600683001056
11.77255776019468,11.76634207296945,11.768819362284574,11.809688113906645,11.764666557312012,11.779508981954493,11.793352983271404,11.78132149753084,11.782615269821733,11.781968383676286
12.371317900573487,12.39473811838054,12.349235737186739,12.32354829989186,12.348838806152344,12.34146606069046,12.394084420957274,12.366505509191102,12.356639815851718,12.36157266252141
12.068253153227763,12.060801592000196,12.07017187208102,12.072592850766933,12.085657119750977,12.064296469810671,12.056832269427161,12.068827397034607,12.071813622284406,12.070320509659506
11.861246413393417,11.823225934986215,11.84323576081467,11.893422791175407,11.869429588317871,11.844384587897416,11.854017649035363,11.860268475381655,11.86282886591248,11.861548670647068
11.828175250188576,11.824018782514878,11.84419660062251,11.848193040283832,11.86862564086914,11.876346854210883,11.891570185277288,11.852116579826744,11.849209360141362,11.850662969984052
12.310618964028334,12.319895066059916,12.253649873898068,12.352086948375419,12.070868492126465,12.101123186561301,12.11220260375304,12.233134414868635,12.247688372880676,12.240411393874655
11.81549472373518,11.826915341199449,11.820801482315378,11.813560114629782,11.852656364440918,11.836020318400584,11.857909469806586,11.833307202762384,11.831427283068567,11.832367242915476
11.894677174456598,11.891833220396103,11.874822892676303,11.840152826720775,11.840163230895996,11.850825337865132,11.846614595789717,11.86268820965184,11.85630082507387,11.859494517362855
12.496371447248729,12.478410136820361,12.489911682490618,12.522051824618387,12.442193984985352,12.459130966783137,12.468857576880756,12.481576994110718,12.482754544242917,12.482165769176818
11.87080163664355,11.869142179948954,11.845403986570233,11.83534706578039,11.87264633178711,11.865662556591715,11.889838120290406,11.867555066890082,11.859529373339154,11.863542220114617
11.58487589504408,11.57617138898037,11.61637052759748,11.614302714252899,11.559707641601562,11.535133405201485,11.612010621842666,11.589413652344316,11.58690174930271,11.588157700823514
12.214892853729523,12.211737941476246,12.215907096242589,12.190124254845237,12.15302848815918,12.160041260889138,12.148010199829057,12.183558747607849,12.183629119461301,12.183593933534578
12.1464339599808,12.13403767569769,12.14733336775445,12.190899897695553,12.105400085449219,12.096628515604117,12.039624809203923,12.123279285605438,12.140209649699822,12.13174446765263
11.78730074698662,11.778303117428843,11.784024294702817,11.791018299980205,11.833502769470215,11.818216779900373,11.81587268429916,11.80119952363301,11.80076046939649,11.80097999651475
11.530676390589104,11.50348904896481,11.549715129436887,11.614915278294681,11.504133224487305,11.568846716112734,11.52863164674261,11.536369117815703,11.544145154610199,11.54025713621295
12.179709527568495,12.173715201795583,12.179398416164164,12.19097681831741,12.144071578979492,12.136708769791202,12.145841941447864,12.16686301362177,12.16963573206837,12.168249372845072
11.960744256326832,11.991923892146957,11.973854726084104,12.0327211128222,12.0132474899292,12.001214711362342,12.025414670185288,12.004810284282096,12.01427044528482,12.009540364783458
12.017565182278762,12.0336463615835,12.071945373837188,12.071243335964631,11.905936241149902,11.91966177537067,11.942996728701887,11.994277569935736,12.004925792386132,11.999601681160934
11.673889061099167,11.670800226046483,11.683050730549919,11.676641732574328,11.68869400024414,11.683280575879456,11.664627511098361,11.674930506212498,11.677607256834765,11.67626888152363
12.765342499043637,12.773999774183835,12.87506388427608,12.876842002606175,12.789857864379883,12.758702902008462,12.813779864018384,12.803964400846382,12.81686532428397,12.810414862565178
11.881254373303284,11.882145533874427,11.877971959889152,11.933884413456076,11.905756950378418,11.926892775931597,11.929649377756009,11.906538129753642,11.909797467078668,11.908167798416157
12.0640421166446,12.06234785173419,12.07244859911475,12.086867901134898,12.08438491821289,12.0696734363575,12.10391434513009,12.080311426571335,12.079674651050233,12.079993038810784
12.249385598818307,12.23801967415278,12.21238013069754,12.217586439783618,12.219152450561523,12.214202650833494,12.221375438534004,12.229103920370047,12.22449052355767,12.22679722196386
11.88587709125215,11.880201419634322,11.896469168142557,11.878654212830595,11.873889923095703,11.872580252346834,11.88971166221988,11.88166686180653,11.878409518667159,11.880038190236846
12.761937910903782,12.765490215672047,12.75981130794517,12.786567768826623,12.752476692199707,12.737775548442697,12.72469072403366,12.758232662327165,12.766751449641102,12.762492055984133
11.509654297676606,11.488440654837548,11.527916703433668,11.606380462730785,11.564631462097168,11.544804976911749,11.537185734819001,11.541258522432221,11.554392074134691,11.547825298283458
12.14263433055719,12.147194352621005,12.153339983344708,12.126166134283475,12.172652244567871,12.172729167900798,12.166544178770435,12.151038248159995,12.148257729127986,12.149647988643991
11.734765931289193,11.751804588416514,11.7354054235081,11.756110102769322,11.695608139038086,11.72795510901579,11.703923288621313,11.728442410026886,11.73441514010225,11.731428775064568
11.952438965525221,11.945782013962694,11.936545183572363,11.955877165973058,11.897281646728516,11.902847419799677,11.914659633552048,11.933207885148308,11.93360424085927,11.93340606300379
12.435220196706865,12.440542001700974,12.448602168534649,12.429972210865161,12.500967979431152,12.497121219958084,12.485047947768573,12.458350067294546,12.45675243209341,12.457551249693978
11.577615797455579,11.580002398627885,11.604868922007036,11.585354030245433,11.555193901062012,11.530410667008606,11.582682444371088,11.5761697143524,11.574928341662286,11.575549028007343
11.360763716059868,11.35779867441648,11.303369886196464,11.361261935990045,11.320154190063477,11.306994572737027,11.39587980036899,11.359171663379772,11.350461258373162,11.354816460876469
11.739411953805446,11.734738968596071,11.801370717148124,11.841894940436369,11.776790618896484,11.772626216727032,11.74983337943745,11.768533972234364,11.785169332235903,11.776851652235134
12.442855015029906,12.437435447433444,12.41615863575231,12.44556078023821,12.40678882598877,12.438684802702763,12.456359059648495,12.437799825667765,12.432611693916922,12.435205759792344
11.74724882952017,11.750330446218138,11.772781366059263,11.802595166532276,11.839410781860352,11.81908108547604,11.772484651222815,11.78241397507075,11.79542931086382,11.788921642967287
11.783362541123585,11.7549749202744,11.714375300923976,11.780682726067749,11.78452205657959,11.75290973001848,11.734646169545254,11.767637682718115,11.771243136092151,11.769440409405135
12.177927213443516,12.180692328531391,12.167359683776645,12.162369282575707,12.14770221710205,12.170387349910508,12.151898729773446,12.164117954285224,12.16314603791307,12.163631996099145
12.053730490356978,12.061512017443649,12.060678022700142,12.081498663350981,12.074132919311523,12.080766709651781,12.080014816476368,12.070177781387901,12.07320503070084,12.071691406044373
12.232677569167478,12.240588348616408,12.226905358145242,12.237614728450891,12.218494415283203,12.201950072450323,12.28085428737184,12.242045869777964,12.235578983098456,12.238812426438212
12.482115294542943,12.449246892632774,12.43925703283179,12.475606141824489,12.500164031982422,12.517353269875645,12.49316637590643,12.480059747377812,12.475625220144584,12.477842483761199
11.904729286500276,11.89210507501193,11.861324343514324,11.868581810385539,11.894136428833008,11.891661318804223,11.877816541597099,11.88747382846557,11.883616825010677,11.885545326738125
11.929410160972383,11.933565231300042,11.946344364863169,11.928342758503522,11.90841293334961,11.912644858978943,11.89482528316172,11.918911273457455,11.922266050855331,11.920588662156394
